q1,q2,q3,q4,q5,q6,q7,q8,q9,q10,opinion
3,3,2,1,1,5,5,3,4,4,Satisfactory
3,3,2,2,4,5,4,0,0,1,Satisfactory
4,0,1,0,1,3,1,0,0,3,Not Satisfactory
1,2,2,3,2,3,5,4,3,1,Not Satisfactory
2,0,3,2,3,4,1,2,3,2,Satisfactory
5,3,4,0,0,2,3,4,2,0,Satisfactory
1,1,3,3,4,1,4,5,3,4,Satisfactory
3,1,2,4,0,5,0,2,3,1,Not Satisfactory
2,2,3,2,2,5,1,1,1,0,Satisfactory
1,3,3,1,2,5,2,3,5,2,Not Satisfactory
0,2,2,4,2,4,3,1,2,2,Not Satisfactory
1,3,3,1,2,2,3,5,0,1,Satisfactory
1,3,1,4,2,5,1,3,5,2,Not Satisfactory
4,0,4,2,2,3,4,3,3,3,Satisfactory
3,4,4,3,5,2,3,3,3,0,Satisfactory
3,5,4,0,3,4,1,4,3,5,Satisfactory
4,3,4,2,2,1,2,2,0,5,Satisfactory
3,5,3,2,3,5,2,5,5,4,Not Satisfactory
4,2,2,3,3,5,1,4,5,1,Satisfactory
2,2,3,4,5,3,2,1,4,2,Not Satisfactory
1,0,2,3,2,3,1,4,0,1,Satisfactory
1,2,2,4,0,2,3,1,4,2,Not Satisfactory
2,4,1,5,0,3,3,2,1,5,Not Satisfactory
4,3,3,5,2,4,4,4,3,3,Satisfactory
0,3,0,2,2,3,1,1,3,2,Not Satisfactory
2,4,3,5,0,5,4,1,3,1,Satisfactory
1,1,3,3,4,0,3,1,1,0,Satisfactory
2,2,5,4,1,4,5,2,3,4,Not Satisfactory
4,2,1,1,4,1,0,5,2,2,Satisfactory
5,3,1,1,3,3,4,3,0,3,Satisfactory
2,0,0,4,0,2,3,5,0,1,Not Satisfactory
4,4,0,2,3,3,5,5,4,2,Satisfactory
3,4,4,4,5,4,1,0,5,1,Satisfactory
4,1,1,1,0,1,5,1,0,1,Satisfactory
4,1,1,0,3,4,0,4,0,4,Not Satisfactory
0,4,2,4,0,3,2,0,2,0,Not Satisfactory
0,4,0,5,5,1,2,0,2,3,Not Satisfactory
3,3,5,0,0,1,3,3,1,0,Satisfactory
0,2,5,4,3,3,3,4,1,4,Not Satisfactory
3,4,5,5,3,1,2,3,0,4,Satisfactory
1,4,2,3,4,2,4,1,3,3,Satisfactory
1,2,3,4,1,2,1,3,5,4,Satisfactory
5,1,5,2,2,2,1,3,2,3,Satisfactory
3,2,1,5,1,1,2,1,3,0,Not Satisfactory
4,2,2,3,2,2,3,2,3,2,Not Satisfactory
1,4,4,2,2,4,3,4,3,4,Satisfactory
2,2,1,4,2,4,0,5,2,5,Satisfactory
2,1,1,1,3,3,3,4,1,4,Not Satisfactory
1,3,4,2,1,3,0,5,4,3,Not Satisfactory
3,1,5,5,2,5,4,2,4,2,Satisfactory
5,1,1,2,2,2,4,2,2,4,Satisfactory
3,2,5,1,3,4,4,3,0,4,Not Satisfactory
2,1,5,4,3,4,5,3,1,2,Satisfactory
1,1,0,2,1,4,2,4,1,3,Not Satisfactory
1,1,2,4,2,0,1,2,3,3,Satisfactory
0,3,4,5,4,1,3,3,3,3,Not Satisfactory
5,3,4,4,3,4,0,4,2,5,Not Satisfactory
2,1,1,4,3,1,4,5,3,0,Satisfactory
2,3,2,2,4,5,1,0,3,2,Not Satisfactory
0,5,2,4,2,2,0,3,2,4,Not Satisfactory
2,1,1,4,3,1,4,2,4,1,Satisfactory
4,1,2,1,5,2,1,4,5,4,Not Satisfactory
2,2,2,2,3,1,4,5,1,5,Satisfactory
2,0,2,0,4,1,0,2,4,1,Satisfactory
0,2,1,5,4,1,3,5,5,1,Not Satisfactory
3,2,3,3,3,2,2,1,2,1,Not Satisfactory
2,4,3,4,0,1,4,5,4,4,Satisfactory
1,4,2,3,5,2,1,5,2,2,Satisfactory
1,5,5,4,4,0,3,1,5,3,Satisfactory
4,3,4,2,1,4,2,3,1,4,Satisfactory
2,1,0,0,2,2,0,1,2,4,Satisfactory
1,2,5,3,1,0,0,5,4,4,Not Satisfactory
5,3,5,0,3,0,4,3,0,2,Not Satisfactory
3,0,3,4,3,5,5,3,4,4,Satisfactory
3,3,4,2,1,4,2,2,3,4,Not Satisfactory
3,5,1,4,0,0,3,4,4,3,Satisfactory
4,2,4,5,2,4,1,3,4,2,Satisfactory
2,4,2,1,0,2,4,0,2,2,Satisfactory
3,1,4,4,4,3,1,0,4,1,Not Satisfactory
3,3,2,2,4,2,0,2,3,4,Satisfactory
4,3,4,3,0,5,1,2,0,2,Satisfactory
2,5,2,2,1,4,3,2,4,2,Satisfactory
0,3,3,0,4,2,3,3,0,1,Satisfactory
3,3,4,4,1,2,5,4,2,4,Satisfactory
2,5,5,1,0,3,1,0,4,3,Satisfactory
1,5,2,4,2,5,3,1,5,5,Not Satisfactory
2,2,1,3,2,5,3,2,1,0,Satisfactory
1,3,1,3,4,1,4,3,3,2,Satisfactory
3,2,4,4,5,5,3,3,2,1,Satisfactory
3,0,3,4,4,4,5,3,0,4,Satisfactory
3,5,3,4,4,0,4,1,1,4,Satisfactory
3,1,2,1,1,3,2,1,5,0,Satisfactory
1,1,1,1,4,0,1,2,3,3,Not Satisfactory
4,4,4,1,5,3,1,2,4,1,Satisfactory
2,0,1,0,3,3,5,1,2,3,Satisfactory
2,2,4,0,2,4,1,2,4,1,Satisfactory
0,1,3,1,3,3,1,5,2,0,Satisfactory
5,3,1,4,0,3,0,5,1,1,Satisfactory
2,2,3,4,0,4,4,2,1,2,Satisfactory
2,5,3,3,1,5,5,1,2,2,Not Satisfactory
3,3,2,2,2,4,2,4,4,4,Not Satisfactory
4,3,2,0,3,3,3,5,1,4,Not Satisfactory
2,1,1,4,4,3,1,0,1,4,Satisfactory
2,4,3,3,5,4,2,4,3,1,Satisfactory
4,0,4,3,2,3,2,2,4,2,Satisfactory
0,1,3,4,2,3,1,5,3,1,Satisfactory
2,3,1,2,4,1,1,2,3,1,Satisfactory
2,4,5,5,0,4,2,4,3,2,Satisfactory
4,0,0,5,1,2,3,4,1,1,Satisfactory
4,4,3,5,1,4,3,5,1,2,Not Satisfactory
2,3,2,2,3,2,1,2,0,1,Satisfactory
2,2,4,4,4,0,2,4,3,1,Satisfactory
4,3,4,3,4,3,5,2,4,0,Satisfactory
0,5,2,0,4,4,4,4,2,5,Satisfactory
2,3,4,1,4,3,1,1,4,1,Satisfactory
1,0,3,2,1,4,4,3,2,3,Not Satisfactory
1,5,1,4,1,1,1,3,2,2,Satisfactory
4,4,2,3,1,2,4,1,1,4,Satisfactory
0,1,1,4,4,4,2,5,2,4,Not Satisfactory
1,0,3,2,3,2,4,1,4,4,Not Satisfactory
2,2,4,4,0,0,3,1,5,0,Not Satisfactory
4,4,4,0,2,1,0,5,5,4,Not Satisfactory
4,1,4,1,1,0,0,4,4,5,Satisfactory
2,3,3,0,3,2,5,3,3,4,Satisfactory
1,3,2,4,5,3,4,2,2,0,Satisfactory
3,3,3,4,4,1,1,3,2,3,Satisfactory
5,2,4,3,2,3,5,4,4,4,Satisfactory
3,1,4,1,2,3,3,5,3,5,Not Satisfactory
2,3,2,5,2,1,1,2,1,5,Not Satisfactory
2,5,3,3,4,1,1,4,3,3,Not Satisfactory
1,5,1,2,3,5,4,2,0,3,Satisfactory
4,2,2,2,5,4,3,2,3,5,Satisfactory
1,3,3,1,1,2,4,1,0,4,Satisfactory
4,4,4,5,3,5,1,3,2,5,Not Satisfactory
2,1,4,4,2,4,0,4,3,4,Satisfactory
2,1,5,5,5,5,4,3,4,1,Not Satisfactory
2,2,4,3,1,3,1,1,4,0,Satisfactory
0,5,2,4,3,0,5,3,3,4,Not Satisfactory
1,1,0,0,3,4,5,4,5,4,Satisfactory
1,1,3,3,1,3,0,2,3,4,Satisfactory
3,1,1,3,0,3,5,1,3,3,Not Satisfactory
5,4,5,3,1,3,5,3,0,1,Not Satisfactory
2,1,1,1,4,3,4,1,5,5,Not Satisfactory
3,4,5,1,1,4,1,2,0,5,Not Satisfactory
4,1,4,2,3,3,5,0,3,5,Satisfactory
0,4,3,3,1,2,2,4,2,1,Satisfactory
3,2,1,2,1,0,2,3,0,2,Satisfactory
5,1,5,1,1,3,4,3,1,4,Not Satisfactory
4,1,5,4,2,4,4,1,5,1,Not Satisfactory
0,5,0,1,0,3,2,2,2,3,Satisfactory
2,2,2,0,3,2,2,1,1,4,Satisfactory
5,3,4,4,0,3,4,3,2,1,Not Satisfactory
1,4,1,0,2,3,1,3,5,1,Not Satisfactory
5,0,2,2,1,1,1,2,1,4,Not Satisfactory
3,2,3,1,0,2,2,4,4,2,Satisfactory
4,2,4,4,3,5,2,2,0,0,Not Satisfactory
4,5,4,1,0,2,4,3,4,5,Satisfactory
4,2,4,2,0,0,1,1,0,1,Not Satisfactory
3,1,4,3,1,3,3,1,3,5,Satisfactory
4,2,5,2,5,4,4,4,3,0,Not Satisfactory
3,3,4,3,2,3,4,1,3,4,Satisfactory
2,1,1,2,4,3,4,2,0,2,Not Satisfactory
3,4,2,1,4,3,3,3,3,5,Satisfactory
0,4,1,1,3,0,2,1,1,2,Not Satisfactory
4,5,5,5,2,3,3,4,2,1,Not Satisfactory
1,3,4,5,4,4,3,3,5,3,Not Satisfactory
3,5,2,0,5,0,4,4,4,3,Satisfactory
3,3,4,0,4,0,0,1,1,3,Satisfactory
3,5,0,2,0,5,2,1,1,5,Not Satisfactory
5,2,4,0,2,1,2,5,1,5,Not Satisfactory
1,3,1,3,1,1,1,4,2,3,Satisfactory
2,4,1,2,2,1,3,2,2,3,Satisfactory
0,3,2,3,2,3,3,4,5,4,Satisfactory
2,4,1,3,3,4,4,5,0,5,Satisfactory
3,4,2,4,2,1,1,1,3,4,Not Satisfactory
1,2,1,3,1,3,1,5,4,5,Not Satisfactory
2,1,0,3,3,2,5,1,2,1,Satisfactory
5,4,3,4,4,5,1,3,5,4,Satisfactory
1,4,4,0,1,4,3,4,5,3,Satisfactory
1,0,3,3,2,4,1,0,1,5,Satisfactory
3,3,1,2,3,2,4,1,4,3,Satisfactory
0,0,5,0,1,3,1,2,4,1,Not Satisfactory
2,3,4,1,2,3,4,4,2,3,Satisfactory
2,2,5,3,4,4,2,3,2,5,Satisfactory
4,2,4,1,2,1,3,1,3,3,Satisfactory
4,4,1,0,3,5,1,4,1,0,Satisfactory
3,4,3,1,2,0,0,2,3,2,Satisfactory
4,1,4,2,3,1,0,3,2,3,Not Satisfactory
1,1,5,5,2,2,4,2,4,4,Not Satisfactory
4,2,5,1,4,3,1,1,4,2,Not Satisfactory
0,3,3,4,0,4,0,3,1,1,Not Satisfactory
0,3,4,3,5,1,4,2,4,2,Satisfactory
2,3,2,1,2,2,4,1,4,1,Not Satisfactory
5,4,0,2,5,2,4,3,2,5,Satisfactory
4,1,1,3,2,2,3,1,2,1,Satisfactory
2,1,2,1,5,3,4,4,1,2,Satisfactory
2,2,3,4,0,2,5,3,1,4,Satisfactory
1,3,5,5,2,1,0,3,1,4,Not Satisfactory
3,3,2,4,0,1,4,0,3,2,Satisfactory
0,1,5,2,3,3,0,3,4,2,Not Satisfactory
0,3,5,2,4,5,4,3,5,3,Satisfactory
2,0,3,3,3,4,2,5,4,4,Satisfactory
1,3,4,3,1,4,1,0,5,2,Satisfactory
4,4,1,4,2,1,1,4,0,3,Not Satisfactory
3,3,2,4,1,2,0,4,0,5,Satisfactory
3,4,2,4,4,3,5,3,5,4,Satisfactory
0,4,1,0,1,1,1,3,1,5,Not Satisfactory
0,1,3,2,2,0,5,0,2,5,Satisfactory
0,1,2,0,2,3,5,3,4,3,Satisfactory
2,4,3,5,1,5,4,2,1,4,Satisfactory
4,0,1,2,3,3,5,1,1,5,Not Satisfactory
1,5,4,4,2,1,2,2,0,2,Not Satisfactory
3,0,5,3,3,3,4,3,1,2,Not Satisfactory
3,5,2,2,5,4,4,4,4,0,Not Satisfactory
2,1,1,3,2,2,1,3,5,2,Satisfactory
4,1,3,4,4,4,2,4,3,4,Satisfactory
0,1,3,0,2,0,1,2,1,1,Satisfactory
2,1,4,2,2,5,2,2,1,0,Satisfactory
5,5,2,1,4,1,3,5,3,3,Not Satisfactory
2,1,4,0,0,3,0,3,5,2,Satisfactory
2,3,2,1,5,4,2,4,0,3,Satisfactory
2,2,4,4,0,4,1,2,2,2,Not Satisfactory
2,2,4,0,0,2,4,1,2,4,Satisfactory
2,2,1,5,3,4,0,5,2,4,Not Satisfactory
3,4,5,3,5,1,3,4,3,0,Satisfactory
1,3,4,0,3,1,2,3,3,3,Not Satisfactory
0,0,3,3,2,3,5,2,4,4,Not Satisfactory
3,3,5,2,2,3,5,4,2,2,Satisfactory
4,1,3,1,2,1,2,3,3,5,Satisfactory
1,5,3,1,1,3,4,3,1,2,Satisfactory
1,2,3,3,3,1,4,5,1,4,Satisfactory
1,3,2,3,2,1,1,2,1,3,Not Satisfactory
3,3,1,4,4,1,3,2,0,3,Satisfactory
2,5,1,5,1,3,5,4,0,3,Satisfactory
2,3,4,4,3,1,0,0,2,3,Satisfactory
1,4,3,0,2,3,0,4,1,5,Not Satisfactory
4,5,4,1,4,1,3,4,2,1,Satisfactory
4,1,4,3,1,4,3,1,4,0,Satisfactory
4,1,2,5,2,3,3,3,3,2,Not Satisfactory
2,3,4,4,5,3,3,4,3,1,Satisfactory
2,3,1,4,5,2,5,4,1,3,Satisfactory
1,5,4,3,2,3,4,4,3,0,Satisfactory
5,0,3,1,1,4,4,3,5,2,Not Satisfactory
1,2,4,0,3,3,2,2,5,1,Not Satisfactory
2,5,2,2,2,3,1,2,3,1,Satisfactory
3,3,5,4,2,2,0,4,5,3,Satisfactory
3,3,1,3,2,2,2,3,1,1,Satisfactory
0,2,4,1,3,1,2,1,3,1,Satisfactory
2,1,1,2,3,4,0,5,0,1,Not Satisfactory
1,5,4,2,1,1,5,3,0,4,Satisfactory
3,3,4,3,5,3,1,4,4,5,Not Satisfactory
2,2,4,0,2,1,5,2,1,2,Not Satisfactory
1,1,1,3,1,4,3,2,5,2,Satisfactory
1,4,3,1,1,1,5,4,4,3,Satisfactory
5,5,3,2,1,2,3,3,3,3,Satisfactory
2,3,5,2,3,4,2,0,2,5,Satisfactory
1,2,3,5,1,2,4,0,3,1,Satisfactory
3,5,5,2,1,2,1,3,2,4,Satisfactory
5,3,2,2,2,3,3,1,1,3,Satisfactory
5,1,3,0,5,4,4,5,4,0,Satisfactory
2,4,5,1,3,4,5,5,5,3,Satisfactory
5,1,2,5,4,4,3,5,5,4,Not Satisfactory
4,4,5,3,2,3,4,1,1,4,Not Satisfactory
1,1,1,5,1,2,4,3,2,2,Not Satisfactory
0,3,1,1,4,1,4,2,2,5,Not Satisfactory
4,4,0,1,3,3,0,5,3,4,Satisfactory
4,2,4,3,4,4,3,0,3,4,Satisfactory
4,1,2,4,3,5,5,1,5,3,Satisfactory
3,1,3,0,1,3,4,4,1,1,Satisfactory
0,4,2,1,2,5,3,5,0,1,Satisfactory
0,5,4,4,2,2,2,1,5,4,Satisfactory
0,4,4,2,5,1,1,2,1,1,Satisfactory
0,1,5,4,1,4,3,0,4,5,Not Satisfactory
4,4,1,3,3,2,5,0,1,3,Not Satisfactory
5,4,1,3,2,1,1,1,2,2,Satisfactory
4,1,1,4,3,3,4,3,2,4,Not Satisfactory
4,2,2,4,0,4,5,3,3,1,Satisfactory
2,2,2,3,3,3,1,1,3,5,Satisfactory
4,3,3,4,4,4,5,4,3,1,Not Satisfactory
2,2,1,4,2,4,4,5,4,4,Not Satisfactory
1,3,5,2,0,5,0,4,1,0,Satisfactory
0,3,1,3,0,1,4,1,2,4,Not Satisfactory
3,1,2,1,5,0,2,2,5,1,Satisfactory
4,0,1,3,5,4,1,1,2,3,Not Satisfactory
1,3,5,1,1,2,4,1,2,4,Satisfactory
3,2,5,2,1,0,0,4,3,1,Satisfactory
4,1,3,3,1,1,4,3,2,5,Not Satisfactory
1,5,2,4,3,5,5,0,4,3,Satisfactory
0,1,4,1,1,4,4,1,3,5,Not Satisfactory
4,3,4,2,5,1,1,3,4,2,Satisfactory
3,3,0,2,4,2,2,2,3,1,Satisfactory
0,4,1,1,0,5,1,1,5,3,Satisfactory
4,3,4,2,4,3,0,3,4,5,Satisfactory
1,2,3,3,3,3,3,4,2,2,Satisfactory
3,2,3,0,2,4,1,4,2,2,Satisfactory
5,3,1,2,3,3,5,5,1,5,Satisfactory
4,5,3,3,1,1,1,2,3,3,Satisfactory
1,2,3,1,2,3,5,2,5,5,Satisfactory
1,3,1,4,3,3,1,0,3,1,Not Satisfactory
2,5,5,1,1,3,4,0,0,4,Not Satisfactory
1,3,3,3,1,3,3,5,3,0,Satisfactory
5,4,3,1,2,3,5,1,0,2,Satisfactory
2,5,3,4,1,0,1,1,0,3,Satisfactory
3,3,1,2,5,1,5,4,5,4,Not Satisfactory
4,1,1,1,1,1,1,2,5,2,Not Satisfactory
5,4,1,4,4,1,1,3,1,3,Not Satisfactory
3,2,1,3,2,0,1,4,2,1,Satisfactory
4,1,4,1,1,3,1,1,3,2,Satisfactory
4,1,0,1,2,5,0,2,4,4,Satisfactory
1,2,4,4,1,2,4,4,3,1,Not Satisfactory
1,1,0,3,3,1,1,4,4,2,Satisfactory
4,4,3,5,5,3,3,0,1,3,Not Satisfactory
1,1,4,3,4,1,0,1,5,3,Satisfactory
3,5,1,4,4,1,3,0,1,0,Not Satisfactory
2,3,1,1,1,4,3,1,1,2,Satisfactory
2,2,2,4,4,0,3,1,4,3,Satisfactory
5,3,2,4,2,4,1,1,4,3,Satisfactory
5,3,0,3,5,5,3,1,4,2,Satisfactory
1,2,4,2,4,3,5,2,1,3,Not Satisfactory
5,2,2,1,0,4,2,1,3,5,Not Satisfactory
2,3,3,2,3,5,4,3,1,0,Satisfactory
2,4,4,1,1,0,2,2,0,1,Satisfactory
2,4,0,2,0,2,3,1,4,4,Satisfactory
4,0,1,4,5,1,0,1,2,2,Satisfactory
1,5,1,2,2,1,2,5,0,1,Not Satisfactory
1,4,0,3,1,0,0,3,2,1,Satisfactory
4,2,4,5,4,5,4,4,4,1,Satisfactory
0,0,4,3,4,4,4,1,4,1,Not Satisfactory
5,0,4,4,1,1,2,2,1,5,Not Satisfactory
2,1,2,5,3,1,0,3,2,4,Satisfactory
2,1,4,2,0,5,0,0,3,1,Satisfactory
5,4,4,0,3,5,0,3,2,2,Not Satisfactory
4,3,2,3,1,1,3,0,3,4,Satisfactory
3,5,2,1,4,4,1,5,1,5,Not Satisfactory
4,1,2,0,4,5,3,2,3,2,Satisfactory
2,1,1,1,1,1,2,1,0,4,Satisfactory
4,3,3,1,3,3,5,3,2,2,Satisfactory
1,5,4,3,0,1,4,4,0,4,Not Satisfactory
5,3,3,0,1,4,0,2,2,1,Satisfactory
1,4,2,1,3,1,3,2,1,2,Not Satisfactory
3,1,2,4,1,3,1,0,5,4,Satisfactory
3,5,1,1,4,4,4,4,2,1,Satisfactory
2,5,1,0,2,3,5,1,2,2,Satisfactory
2,2,1,4,1,4,4,3,3,3,Not Satisfactory
4,2,4,1,2,4,1,3,4,0,Satisfactory
1,1,2,1,3,3,4,4,5,4,Satisfactory
3,3,3,0,1,0,3,4,2,2,Satisfactory
4,1,5,4,4,1,3,4,5,3,Not Satisfactory
3,5,1,1,3,2,3,4,5,1,Not Satisfactory
2,3,3,1,3,3,2,2,2,2,Satisfactory
1,1,1,4,4,1,0,3,1,0,Satisfactory
0,5,4,5,0,2,1,3,1,3,Not Satisfactory
4,4,4,4,2,4,2,5,4,2,Satisfactory
4,2,3,3,1,4,2,1,4,1,Satisfactory
4,3,5,5,3,1,2,3,1,0,Not Satisfactory
4,3,3,1,1,2,3,3,0,4,Not Satisfactory
4,1,1,4,1,1,5,3,4,3,Not Satisfactory
3,1,4,3,5,2,5,1,4,1,Satisfactory
3,5,3,2,2,3,4,1,5,5,Not Satisfactory
5,0,2,3,4,0,4,4,2,2,Satisfactory
3,2,1,2,4,5,2,4,2,5,Satisfactory
0,1,2,2,2,3,2,2,2,4,Not Satisfactory
5,2,1,3,0,3,1,1,2,1,Satisfactory
2,1,3,1,0,1,3,3,0,1,Satisfactory
1,0,1,0,2,3,2,3,4,2,Satisfactory
3,5,1,3,1,5,3,4,4,0,Not Satisfactory
4,4,1,4,1,1,4,0,1,1,Not Satisfactory
5,1,5,2,4,4,5,3,1,2,Not Satisfactory
3,4,2,4,3,2,4,2,2,1,Satisfactory
5,2,3,4,3,3,4,5,2,3,Satisfactory
1,4,2,4,2,1,2,4,3,5,Satisfactory
4,1,2,5,1,5,2,4,0,3,Not Satisfactory
0,4,4,1,5,4,0,4,2,2,Satisfactory
1,2,1,4,1,0,3,0,5,5,Satisfactory
0,4,3,1,2,1,1,2,4,2,Not Satisfactory
2,1,2,1,1,2,4,0,1,1,Satisfactory
3,4,3,0,5,5,4,2,4,2,Satisfactory
4,3,3,1,3,3,4,4,1,1,Not Satisfactory
3,3,3,4,3,2,3,2,1,0,Not Satisfactory
2,5,5,4,5,1,1,3,4,2,Not Satisfactory
4,3,3,4,2,1,0,2,4,0,Satisfactory
3,4,1,2,2,1,1,0,4,3,Not Satisfactory
1,0,3,3,5,3,3,5,4,2,Satisfactory
1,2,4,3,4,0,3,1,4,4,Not Satisfactory
4,5,1,0,2,4,5,4,2,3,Not Satisfactory
0,3,3,4,4,2,1,3,3,5,Satisfactory
5,1,5,4,2,4,3,4,3,4,Satisfactory
3,3,2,0,1,1,5,3,1,2,Not Satisfactory
5,3,2,3,2,4,0,1,0,4,Satisfactory
3,2,0,2,3,3,2,5,2,2,Satisfactory
4,4,5,0,3,3,3,5,4,1,Satisfactory
1,1,4,5,1,1,0,5,1,2,Not Satisfactory
4,3,4,4,2,5,5,3,4,4,Satisfactory
2,1,1,0,3,0,5,5,1,2,Satisfactory
1,4,1,5,1,2,3,3,1,3,Satisfactory
5,2,5,4,1,3,0,2,4,3,Satisfactory
2,3,5,1,3,2,4,2,3,5,Not Satisfactory
2,1,0,2,3,2,3,0,5,5,Satisfactory
2,4,1,3,2,4,1,2,2,3,Satisfactory
3,3,1,2,3,2,1,4,3,1,Satisfactory
3,5,2,1,4,1,5,1,2,2,Satisfactory
5,3,1,5,3,2,2,1,0,4,Satisfactory
2,1,2,2,4,3,5,3,3,2,Satisfactory
4,3,1,2,2,0,4,3,3,4,Satisfactory
4,5,3,1,4,4,3,1,5,4,Satisfactory
0,4,4,5,4,3,3,1,1,0,Not Satisfactory
1,4,1,0,4,3,0,4,3,1,Satisfactory
5,4,5,3,4,4,0,2,2,2,Satisfactory
0,2,4,5,2,1,0,0,2,4,Satisfactory
4,4,4,5,3,5,1,2,3,1,Not Satisfactory
2,5,2,1,1,0,2,0,1,3,Satisfactory
4,5,4,4,2,2,2,1,4,5,Satisfactory
2,2,2,4,4,3,4,0,2,4,Not Satisfactory
3,2,3,4,1,5,1,5,1,2,Not Satisfactory
2,4,2,5,0,4,0,3,4,0,Satisfactory
2,1,3,3,5,3,3,1,3,2,Satisfactory
2,5,3,2,4,5,3,5,1,5,Satisfactory
3,2,1,1,4,5,3,1,2,4,Satisfactory
4,2,0,5,2,5,3,0,5,3,Not Satisfactory
4,5,3,3,5,3,3,5,3,3,Not Satisfactory
5,4,0,3,3,5,1,3,0,1,Not Satisfactory
1,0,3,2,1,2,1,2,1,2,Satisfactory
0,3,3,5,3,2,2,2,2,4,Satisfactory
3,4,4,5,1,0,0,2,3,3,Not Satisfactory
2,3,2,5,1,2,0,3,1,4,Satisfactory
4,5,3,3,3,4,1,2,2,3,Not Satisfactory
5,5,4,5,4,4,1,3,3,1,Satisfactory
4,4,2,2,0,4,1,5,2,4,Not Satisfactory
1,1,0,5,2,2,1,4,4,5,Satisfactory
1,3,3,3,2,4,0,1,5,3,Satisfactory
2,4,5,2,4,5,5,5,1,0,Satisfactory
4,3,4,4,0,4,4,5,0,4,Not Satisfactory
1,4,5,0,5,0,0,4,3,3,Satisfactory
1,1,1,4,2,0,2,5,3,2,Satisfactory
4,0,2,3,4,0,3,2,4,2,Satisfactory
3,2,2,3,3,5,0,4,1,4,Satisfactory
2,1,2,2,2,2,4,3,1,5,Not Satisfactory
2,4,2,0,3,1,0,0,1,4,Not Satisfactory
1,4,2,2,2,1,1,3,1,1,Not Satisfactory
4,0,1,3,4,4,0,5,2,2,Satisfactory
2,2,2,1,4,2,1,3,1,3,Not Satisfactory
2,5,3,2,4,5,4,3,1,4,Satisfactory
2,2,3,3,3,3,4,3,2,2,Not Satisfactory
2,2,3,2,2,5,4,3,1,4,Satisfactory
1,1,2,2,5,1,4,1,4,1,Not Satisfactory
4,3,0,2,2,4,3,0,1,2,Satisfactory
3,2,3,2,0,4,2,1,1,3,Satisfactory
4,1,1,1,3,3,5,2,3,2,Satisfactory
1,3,5,1,4,3,1,1,3,3,Satisfactory
2,4,5,3,4,1,4,0,5,1,Not Satisfactory
4,3,1,2,4,1,1,3,2,4,Not Satisfactory
5,4,4,4,5,4,4,4,5,0,Satisfactory
1,0,4,3,4,1,4,2,2,3,Satisfactory
1,1,2,3,4,1,5,0,1,1,Satisfactory
0,3,1,1,3,1,4,3,5,4,Not Satisfactory
2,2,1,3,4,1,4,5,0,5,Satisfactory
5,4,4,2,3,3,4,2,1,2,Not Satisfactory
5,0,2,5,2,5,2,4,2,4,Satisfactory
3,5,2,5,3,2,0,2,5,2,Satisfactory
4,5,5,5,5,2,1,4,3,2,Satisfactory
2,3,2,2,4,4,3,2,4,0,Satisfactory
2,2,1,2,4,2,3,5,5,2,Satisfactory
3,3,5,5,3,2,3,1,4,2,Satisfactory
2,1,4,0,4,1,1,1,1,4,Satisfactory
4,4,4,3,3,1,1,1,3,2,Satisfactory
5,1,4,1,4,2,0,4,3,4,Satisfactory
1,1,2,4,1,4,1,3,4,2,Not Satisfactory
3,3,1,2,1,1,4,3,3,2,Satisfactory
1,1,3,3,2,2,1,1,0,2,Satisfactory
0,5,1,3,4,1,2,1,4,2,Not Satisfactory
0,1,4,2,5,5,1,1,2,2,Satisfactory
3,4,4,2,2,2,2,3,1,0,Not Satisfactory
1,5,4,0,5,1,0,4,3,2,Not Satisfactory
2,5,3,3,4,4,3,2,2,1,Not Satisfactory
3,1,2,1,1,1,1,4,4,0,Not Satisfactory
4,2,1,3,4,4,0,4,3,1,Satisfactory
4,3,2,1,1,5,2,2,4,3,Satisfactory
3,1,4,0,5,1,5,2,1,0,Satisfactory
1,4,3,4,2,3,1,1,1,0,Satisfactory
1,1,1,4,1,3,4,3,0,2,Satisfactory
1,5,1,2,4,1,2,3,2,2,Not Satisfactory
2,3,5,1,4,2,1,1,4,4,Satisfactory
4,3,1,2,2,3,4,1,3,3,Satisfactory
3,3,4,1,5,2,2,0,1,4,Not Satisfactory
4,4,3,4,0,5,4,0,2,4,Satisfactory
2,4,2,4,3,5,4,4,1,5,Satisfactory
4,3,2,2,1,2,4,1,2,4,Satisfactory
3,3,5,2,2,2,1,3,1,0,Not Satisfactory
3,5,1,2,0,2,1,3,2,5,Satisfactory
3,2,2,2,2,3,3,5,1,2,Satisfactory
1,4,1,4,1,3,0,3,2,3,Satisfactory
1,0,2,3,3,3,4,3,4,5,Not Satisfactory
3,3,2,2,4,2,3,4,4,4,Satisfactory
4,1,3,0,0,4,4,5,2,1,Not Satisfactory
4,3,1,4,0,4,5,2,4,1,Satisfactory
0,3,1,5,2,3,3,1,2,0,Satisfactory
1,0,1,5,3,2,0,1,3,2,Not Satisfactory
2,1,4,1,1,4,3,4,1,3,Satisfactory
2,3,4,1,0,2,1,5,1,1,Satisfactory
2,1,4,4,1,4,1,4,4,3,Not Satisfactory
5,4,5,3,1,4,4,2,3,2,Satisfactory
4,1,0,4,1,2,3,0,3,2,Satisfactory
4,1,5,2,3,4,4,2,1,2,Not Satisfactory
4,3,4,4,1,2,4,4,0,4,Satisfactory
4,1,3,2,2,2,2,2,1,3,Satisfactory
3,2,5,2,3,5,2,5,1,3,Satisfactory
5,4,4,1,3,3,0,2,2,4,Satisfactory
2,5,3,0,1,5,4,2,3,2,Not Satisfactory
2,4,3,2,4,1,5,2,3,2,Satisfactory
0,3,0,3,0,2,1,4,5,1,Satisfactory
1,2,3,1,5,2,5,3,2,4,Satisfactory
3,2,1,5,3,3,2,1,3,3,Satisfactory
1,5,1,3,3,4,1,2,1,0,Satisfactory
1,3,3,5,3,3,1,5,5,3,Satisfactory
1,4,1,2,0,2,1,2,3,2,Satisfactory
4,1,3,0,5,4,3,1,0,2,Satisfactory
1,2,2,1,4,5,1,4,4,0,Satisfactory
4,2,1,2,2,2,2,2,3,2,Satisfactory
4,2,4,3,2,2,4,2,3,2,Satisfactory
1,2,2,4,5,2,2,5,0,2,Satisfactory
3,3,1,2,4,1,1,1,3,5,Satisfactory
5,3,3,1,2,2,3,4,0,0,Satisfactory
4,5,2,1,5,2,5,4,0,2,Satisfactory
1,2,3,5,5,1,0,4,3,3,Satisfactory
0,3,2,3,1,1,2,3,4,1,Not Satisfactory
1,4,0,0,3,1,5,2,4,1,Not Satisfactory
4,4,3,3,4,5,5,3,5,3,Not Satisfactory
0,3,1,5,5,3,2,4,4,1,Satisfactory
2,1,5,3,5,4,2,1,2,3,Not Satisfactory
2,2,2,3,3,1,0,4,5,1,Not Satisfactory
5,1,3,1,4,5,2,1,4,3,Not Satisfactory
2,4,4,0,2,4,3,0,3,2,Not Satisfactory
3,1,2,1,1,2,4,1,0,5,Satisfactory
5,2,3,5,5,2,4,2,3,1,Not Satisfactory
2,3,2,2,2,1,5,1,4,1,Satisfactory
4,2,0,4,3,1,4,5,3,3,Not Satisfactory
4,4,2,4,2,1,3,5,4,2,Not Satisfactory
1,4,5,3,1,2,5,3,4,0,Not Satisfactory
5,3,2,3,1,3,5,1,4,3,Satisfactory
2,2,1,2,4,4,0,5,2,4,Not Satisfactory
2,5,5,4,2,0,4,2,3,4,Satisfactory
3,2,3,2,1,3,3,3,1,2,Satisfactory
3,4,4,4,5,1,4,4,0,1,Satisfactory
4,2,5,4,0,2,0,0,3,0,Satisfactory
4,3,4,1,4,0,4,0,1,4,Satisfactory
2,5,3,0,0,4,2,0,2,1,Satisfactory
4,3,0,2,4,3,5,3,2,2,Satisfactory
2,4,1,3,1,5,4,1,1,1,Satisfactory
1,4,1,1,1,4,1,0,2,3,Satisfactory
3,5,2,1,5,3,0,1,3,1,Satisfactory
3,2,5,5,5,3,1,4,1,5,Not Satisfactory
4,0,3,2,3,1,1,5,2,1,Not Satisfactory
1,0,1,4,3,4,4,2,1,2,Satisfactory
4,1,3,5,1,0,0,3,4,2,Not Satisfactory
3,4,2,3,1,1,5,2,2,5,Satisfactory
4,4,5,4,1,3,2,2,4,2,Satisfactory
5,4,2,3,4,3,4,0,3,3,Not Satisfactory
2,2,2,3,3,5,4,2,1,2,Not Satisfactory
1,1,5,2,2,3,5,2,2,3,Not Satisfactory
2,3,4,1,0,0,1,3,4,2,Satisfactory
4,3,4,2,1,4,5,5,1,5,Not Satisfactory
0,1,0,4,4,2,4,2,5,3,Satisfactory
2,1,1,3,3,2,1,4,2,4,Satisfactory
2,2,2,1,3,4,2,5,1,3,Satisfactory
4,1,0,3,2,1,1,0,1,2,Not Satisfactory
0,5,4,0,4,2,3,3,4,1,Not Satisfactory
1,1,1,2,5,5,5,5,0,1,Satisfactory
5,3,4,2,1,1,0,5,4,1,Not Satisfactory
0,4,4,3,2,3,4,2,1,5,Not Satisfactory
1,3,5,0,5,5,3,4,3,3,Satisfactory
4,4,2,3,2,4,3,3,4,5,Satisfactory
2,4,2,4,3,4,3,1,1,3,Not Satisfactory
3,1,2,3,5,5,5,0,1,5,Satisfactory
3,0,1,4,3,3,1,1,4,3,Satisfactory
1,2,2,1,3,2,1,3,4,1,Not Satisfactory
4,3,2,3,4,1,1,2,1,3,Satisfactory
2,0,3,3,2,4,0,4,5,1,Satisfactory
2,0,1,1,4,0,3,1,3,3,Satisfactory
4,0,2,3,4,4,3,4,2,2,Not Satisfactory
1,0,2,1,3,1,2,1,3,4,Not Satisfactory
2,2,2,1,4,3,4,4,4,4,Satisfactory
2,4,3,0,3,1,4,1,2,1,Not Satisfactory
5,2,3,1,2,2,0,2,2,3,Not Satisfactory
3,4,0,1,5,0,3,2,2,3,Satisfactory
2,5,4,2,5,1,4,5,3,0,Not Satisfactory
4,1,0,3,2,4,5,1,3,2,Satisfactory
2,1,4,0,1,4,1,2,3,5,Satisfactory
4,3,0,2,2,2,3,3,1,4,Satisfactory
0,4,3,5,0,1,4,1,4,5,Satisfactory
1,3,3,5,1,5,0,2,4,1,Satisfactory
3,0,2,1,4,3,1,4,1,2,Not Satisfactory
3,5,5,3,3,3,2,1,1,3,Not Satisfactory
0,2,3,4,1,0,2,2,1,1,Satisfactory
5,2,4,0,0,2,4,4,2,2,Satisfactory
1,1,1,5,3,5,1,4,2,3,Not Satisfactory
1,5,5,2,3,5,1,1,4,2,Satisfactory
1,0,2,1,4,2,4,1,0,2,Not Satisfactory
1,0,5,1,3,2,5,3,3,2,Not Satisfactory
5,5,3,1,5,0,2,4,4,4,Satisfactory
4,1,0,4,2,2,3,1,4,1,Not Satisfactory
0,1,0,1,2,4,3,0,3,3,Not Satisfactory
4,3,4,4,1,3,2,5,1,2,Satisfactory
4,0,2,4,5,5,1,3,1,2,Not Satisfactory
2,3,2,3,4,3,0,4,2,3,Not Satisfactory
5,4,3,2,4,2,4,5,1,5,Not Satisfactory
1,5,3,1,5,4,4,4,3,0,Not Satisfactory
0,1,0,1,4,4,4,2,3,2,Not Satisfactory
1,1,2,0,2,1,4,4,2,3,Satisfactory
1,0,4,1,4,4,3,4,2,4,Satisfactory
4,1,3,1,1,5,0,5,1,3,Satisfactory
0,4,5,4,1,3,5,4,3,4,Satisfactory
4,5,3,2,5,1,3,4,3,2,Not Satisfactory
4,0,4,0,1,4,2,3,1,2,Satisfactory
3,2,3,1,2,1,2,2,5,3,Not Satisfactory
2,5,2,1,3,2,3,3,5,3,Not Satisfactory
1,1,2,4,1,2,3,4,5,1,Satisfactory
2,1,2,4,4,3,2,4,5,1,Satisfactory
0,2,2,5,2,2,2,2,2,3,Satisfactory
3,4,0,5,4,2,1,1,1,5,Not Satisfactory
4,2,5,0,3,3,4,4,1,0,Satisfactory
3,1,1,5,1,2,3,0,2,1,Satisfactory
3,3,2,1,2,3,1,4,1,3,Not Satisfactory
3,2,5,5,3,5,5,4,5,3,Not Satisfactory
3,2,2,5,1,1,1,3,1,1,Not Satisfactory
4,2,4,2,4,0,3,2,3,1,Satisfactory
5,1,5,3,5,3,2,5,2,2,Satisfactory
2,4,3,2,1,4,1,0,2,2,Satisfactory
4,1,3,2,2,5,4,0,4,2,Satisfactory
1,4,5,2,4,2,1,1,1,1,Satisfactory
1,4,0,1,4,2,5,1,5,1,Not Satisfactory
3,5,2,4,3,4,3,3,0,1,Satisfactory
3,3,1,2,2,5,2,4,1,2,Satisfactory
4,2,4,2,3,2,4,1,3,5,Not Satisfactory
2,4,4,2,1,3,4,5,1,2,Satisfactory
1,2,1,3,4,0,3,3,3,1,Satisfactory
5,2,1,4,4,3,4,2,3,0,Satisfactory
2,3,3,3,3,5,4,1,5,5,Satisfactory
2,5,1,4,3,4,4,2,2,3,Not Satisfactory
2,5,0,1,3,1,4,3,0,3,Not Satisfactory
2,0,2,2,1,3,0,0,4,3,Satisfactory
3,3,2,2,1,1,1,4,2,4,Not Satisfactory
3,2,0,1,4,3,0,0,3,4,Satisfactory
4,5,2,4,2,4,3,2,3,1,Not Satisfactory
3,4,3,4,4,3,1,1,2,5,Satisfactory
3,3,4,1,4,3,1,1,1,5,Satisfactory
1,3,4,0,0,0,1,2,1,2,Satisfactory
4,0,2,3,1,3,2,1,3,2,Satisfactory
5,5,4,4,0,4,2,3,0,4,Not Satisfactory
5,3,2,0,3,3,1,0,1,5,Satisfactory
2,0,5,2,0,4,3,3,1,1,Not Satisfactory
2,3,3,1,0,4,3,3,1,5,Satisfactory
1,3,3,2,2,1,3,5,5,1,Not Satisfactory
4,0,1,4,0,1,0,4,4,1,Satisfactory
3,1,4,3,3,2,4,4,0,5,Not Satisfactory
3,5,2,0,4,2,5,5,0,1,Not Satisfactory
3,3,1,3,4,3,0,5,1,3,Not Satisfactory
2,5,4,4,1,0,0,4,2,1,Satisfactory
3,5,3,1,5,4,1,3,0,4,Satisfactory
0,5,4,4,3,2,0,1,0,4,Satisfactory
5,0,3,3,5,2,0,3,1,1,Satisfactory
3,1,0,0,2,5,2,0,2,4,Not Satisfactory
4,0,1,5,1,4,0,2,0,4,Satisfactory
2,4,3,0,4,3,0,0,2,1,Satisfactory
3,5,2,1,3,2,2,3,4,2,Not Satisfactory
1,2,3,5,5,2,3,4,4,1,Satisfactory
0,3,4,2,0,1,3,1,1,2,Satisfactory
2,1,5,3,1,3,0,1,3,2,Not Satisfactory
3,4,4,3,4,3,3,0,1,5,Satisfactory
2,4,4,1,3,2,1,1,4,0,Satisfactory
2,4,1,2,1,4,1,1,5,5,Not Satisfactory
3,2,1,1,3,2,1,3,3,4,Not Satisfactory
0,4,1,3,3,2,1,3,2,1,Satisfactory
4,5,0,4,4,1,3,5,1,5,Not Satisfactory
2,1,3,4,2,2,5,2,2,4,Not Satisfactory
2,1,3,3,2,5,1,3,1,2,Satisfactory
4,4,2,3,2,5,4,4,4,3,Not Satisfactory
4,1,1,2,5,3,2,3,1,2,Satisfactory
1,0,2,1,2,0,2,2,2,1,Not Satisfactory
3,2,0,2,5,2,4,5,3,3,Not Satisfactory
2,4,4,2,2,3,5,4,2,2,Satisfactory
1,3,3,4,2,3,2,0,2,2,Satisfactory
5,1,5,3,1,3,2,2,4,2,Satisfactory
1,1,0,3,5,4,3,3,0,2,Not Satisfactory
1,3,1,1,4,2,1,4,0,3,Satisfactory
5,2,3,4,5,0,5,2,3,5,Satisfactory
4,2,1,2,4,1,1,0,5,1,Not Satisfactory
5,5,0,3,0,4,5,0,2,0,Satisfactory
2,1,2,4,3,1,5,0,1,3,Satisfactory
4,4,1,1,4,3,5,1,3,3,Not Satisfactory
1,0,1,5,0,4,4,2,5,2,Satisfactory
2,4,3,1,3,4,3,3,3,3,Satisfactory
5,2,0,4,1,3,0,1,5,1,Satisfactory
4,2,3,4,2,4,4,2,5,2,Satisfactory
3,2,1,1,3,1,0,1,2,1,Satisfactory
3,4,4,0,3,4,1,2,3,0,Satisfactory
3,3,3,3,5,4,1,5,4,5,Satisfactory
1,3,1,2,4,3,2,5,4,2,Not Satisfactory
2,2,3,3,4,3,3,2,1,1,Satisfactory
4,5,3,1,4,4,3,4,3,0,Satisfactory
5,2,0,4,0,4,5,3,3,5,Satisfactory
3,0,3,5,5,1,1,3,4,1,Satisfactory
1,1,4,1,4,3,3,5,4,1,Satisfactory
3,4,2,4,3,4,3,1,1,2,Not Satisfactory
2,2,5,2,1,0,1,3,3,4,Satisfactory
2,3,4,4,1,1,4,4,3,4,Satisfactory
2,2,2,4,3,2,1,3,3,2,Satisfactory
3,3,0,5,3,1,2,4,3,2,Satisfactory
3,4,2,4,2,3,4,5,1,3,Satisfactory
4,1,5,0,5,4,1,4,2,3,Not Satisfactory
5,1,3,1,4,5,2,2,1,4,Not Satisfactory
2,1,1,1,3,4,2,1,4,5,Satisfactory
5,2,2,2,1,3,4,1,5,4,Not Satisfactory
2,1,1,5,4,1,2,3,5,5,Not Satisfactory
2,3,2,3,4,3,3,1,4,4,Not Satisfactory
5,4,1,4,1,4,4,3,5,1,Not Satisfactory
3,5,4,4,0,5,5,2,5,4,Satisfactory
4,5,3,1,3,1,2,1,3,1,Not Satisfactory
1,2,2,4,2,2,4,0,4,1,Not Satisfactory
4,3,3,2,2,1,0,5,1,3,Satisfactory
2,1,4,4,2,1,1,4,4,4,Not Satisfactory
4,5,3,2,0,3,3,4,4,4,Satisfactory
0,3,2,3,4,4,4,4,2,1,Not Satisfactory
3,1,1,1,4,2,1,3,3,3,Not Satisfactory
3,4,3,4,3,2,4,1,5,0,Satisfactory
2,2,0,5,5,4,2,3,2,4,Not Satisfactory
4,3,3,5,1,0,2,1,1,1,Satisfactory
4,0,4,2,3,1,3,2,0,3,Not Satisfactory
4,5,1,2,3,5,2,4,3,2,Satisfactory
3,1,0,1,2,5,3,4,4,1,Satisfactory
0,3,2,3,0,1,5,2,5,2,Satisfactory
5,5,4,3,3,4,4,2,3,2,Not Satisfactory
0,1,2,3,2,3,2,2,3,3,Satisfactory
4,5,5,3,2,5,5,3,1,2,Satisfactory
5,0,4,3,0,3,3,4,2,4,Satisfactory
0,1,4,2,3,3,4,2,2,3,Satisfactory
2,0,4,4,4,4,2,2,5,3,Not Satisfactory
5,4,1,4,3,1,5,3,0,0,Satisfactory
0,3,1,3,4,0,4,2,3,1,Not Satisfactory
0,3,4,2,1,1,3,1,4,4,Satisfactory
0,5,2,2,5,2,1,4,3,1,Satisfactory
1,3,2,2,4,5,4,1,3,3,Satisfactory
2,3,5,1,4,4,0,1,5,2,Not Satisfactory
2,1,1,4,4,5,3,2,1,4,Not Satisfactory
1,2,4,3,3,0,3,2,4,5,Not Satisfactory
1,2,2,5,0,2,0,2,1,2,Not Satisfactory
4,4,1,3,3,2,2,2,1,2,Not Satisfactory
2,3,0,2,4,2,4,5,1,3,Satisfactory
4,1,3,4,1,5,1,1,2,4,Satisfactory
2,5,0,2,2,0,4,2,5,3,Not Satisfactory
1,1,3,2,3,5,1,2,3,1,Not Satisfactory
5,2,5,1,3,2,2,3,3,0,Not Satisfactory
2,4,1,3,3,4,3,1,2,1,Satisfactory
5,2,4,1,4,1,1,4,3,2,Satisfactory
5,5,2,1,0,0,3,3,3,1,Not Satisfactory
4,1,1,4,3,3,2,1,1,4,Not Satisfactory
1,3,3,4,4,1,1,2,2,4,Satisfactory
4,4,1,4,0,4,0,1,0,1,Not Satisfactory
1,2,3,1,4,0,3,3,0,5,Satisfactory
2,1,2,4,1,0,1,3,1,1,Satisfactory
4,1,4,3,4,2,5,1,2,5,Not Satisfactory
4,3,2,2,0,2,1,4,2,4,Not Satisfactory
3,0,0,5,3,4,4,1,4,4,Not Satisfactory
0,1,1,1,1,4,3,4,3,2,Not Satisfactory
2,3,0,4,0,2,4,3,2,4,Satisfactory
1,1,4,5,1,1,2,2,5,1,Satisfactory
1,4,1,4,1,2,2,1,4,3,Satisfactory
3,0,1,1,2,1,0,0,4,3,Satisfactory
0,3,4,5,5,0,4,4,3,3,Satisfactory
4,1,4,4,1,3,4,1,4,3,Satisfactory
2,1,3,4,4,5,4,4,4,5,Not Satisfactory
1,1,1,3,4,2,1,5,1,2,Satisfactory
2,4,1,4,1,0,4,1,2,4,Satisfactory
5,3,5,0,3,1,4,5,1,5,Satisfactory
2,2,1,3,0,2,0,2,3,0,Satisfactory
3,5,3,1,4,3,3,1,1,0,Not Satisfactory
0,4,0,3,5,1,5,1,5,5,Not Satisfactory
3,4,3,4,5,4,1,0,2,5,Not Satisfactory
4,5,0,1,4,0,2,3,2,3,Satisfactory
4,5,0,1,2,4,1,3,1,5,Satisfactory
3,1,5,4,4,1,1,4,4,2,Not Satisfactory
3,2,2,2,2,4,4,5,5,2,Not Satisfactory
0,4,1,2,3,4,1,2,2,4,Satisfactory
4,3,1,1,5,2,4,0,5,5,Not Satisfactory
5,4,5,2,4,1,4,4,3,5,Satisfactory
4,0,0,4,3,3,5,5,4,5,Not Satisfactory
5,2,1,4,2,2,1,5,3,3,Satisfactory
5,3,1,1,1,3,2,2,4,3,Not Satisfactory
2,2,3,4,3,1,1,3,2,4,Satisfactory
1,1,3,1,2,0,4,5,2,3,Satisfactory
1,4,2,2,1,5,1,1,0,3,Not Satisfactory
4,4,5,3,5,3,4,4,4,2,Not Satisfactory
0,2,4,2,4,4,3,2,1,3,Satisfactory
2,2,3,1,3,4,2,3,4,1,Satisfactory
1,1,3,5,5,4,3,4,2,2,Satisfactory
2,1,3,4,1,3,1,3,1,1,Satisfactory
0,0,1,4,3,5,5,2,3,4,Not Satisfactory
3,1,3,1,0,4,3,1,5,4,Satisfactory
2,2,5,2,3,0,0,0,3,4,Not Satisfactory
1,0,4,5,5,4,2,3,1,4,Satisfactory
4,3,3,1,0,4,4,5,5,2,Not Satisfactory
1,0,4,1,2,5,2,5,2,2,Satisfactory
5,2,1,4,1,3,5,2,2,5,Not Satisfactory
0,2,1,5,4,5,4,1,3,4,Satisfactory
1,0,0,2,1,1,3,5,3,4,Not Satisfactory
4,5,4,2,2,1,4,0,3,3,Not Satisfactory
2,3,2,5,1,3,1,2,1,3,Satisfactory
5,2,3,1,3,3,2,3,1,5,Not Satisfactory
5,5,2,2,0,2,1,4,2,3,Not Satisfactory
2,4,2,2,1,2,5,2,2,4,Not Satisfactory
2,1,3,3,0,4,2,4,3,1,Not Satisfactory
3,4,2,2,3,5,1,4,1,1,Satisfactory
3,4,1,2,1,3,5,5,2,4,Satisfactory
1,1,0,2,4,5,3,0,4,0,Not Satisfactory
2,1,3,3,3,3,1,2,2,3,Satisfactory
3,3,2,2,4,3,5,4,3,1,Not Satisfactory
5,1,2,3,4,4,1,1,1,2,Satisfactory
3,4,3,4,3,1,1,1,4,2,Satisfactory
3,0,4,1,0,1,5,4,2,2,Not Satisfactory
5,4,5,5,2,2,1,4,4,2,Satisfactory
1,4,2,2,1,1,3,4,3,3,Not Satisfactory
3,1,3,2,2,4,3,4,0,3,Satisfactory
0,3,3,1,4,4,3,4,0,3,Not Satisfactory
5,2,5,3,1,2,2,4,3,3,Not Satisfactory
2,2,3,1,1,2,1,2,0,1,Satisfactory
4,1,2,1,1,1,4,2,1,5,Not Satisfactory
3,1,2,4,2,0,5,2,3,3,Satisfactory
4,0,4,1,1,5,2,4,2,2,Not Satisfactory
3,2,1,0,3,2,4,4,4,3,Satisfactory
4,5,3,4,0,1,4,2,0,4,Satisfactory
0,3,3,3,1,1,5,1,2,4,Not Satisfactory
3,3,2,2,2,2,0,4,1,3,Not Satisfactory
2,4,2,3,2,4,5,1,2,2,Not Satisfactory
5,4,4,4,5,3,4,1,1,2,Satisfactory
4,2,2,1,1,5,5,3,5,3,Not Satisfactory
2,1,4,3,2,4,2,1,3,4,Satisfactory
2,2,1,4,1,2,3,1,1,5,Not Satisfactory
4,0,0,0,1,1,2,1,1,2,Not Satisfactory
4,1,2,2,2,1,4,5,3,4,Satisfactory
5,4,2,3,3,1,3,4,2,1,Satisfactory
1,1,3,2,3,3,2,4,1,4,Satisfactory
2,2,4,3,3,3,2,2,1,4,Not Satisfactory
3,1,1,5,3,2,2,2,4,5,Not Satisfactory
3,1,2,1,2,5,2,2,2,3,Satisfactory
4,3,5,5,3,3,3,5,3,3,Satisfactory
5,0,5,3,4,5,1,3,4,3,Not Satisfactory
3,3,3,4,2,1,4,4,3,4,Satisfactory
2,0,3,5,0,5,4,2,5,0,Satisfactory
1,4,0,4,4,5,2,5,3,2,Not Satisfactory
0,2,5,3,4,4,2,4,2,1,Not Satisfactory
4,2,3,4,3,3,4,2,4,3,Not Satisfactory
5,1,5,1,3,3,4,5,3,4,Satisfactory
3,4,4,1,0,1,4,4,2,3,Satisfactory
3,2,2,5,5,2,2,5,1,2,Satisfactory
3,2,4,1,1,0,2,0,3,3,Satisfactory
1,1,4,1,3,1,1,4,2,0,Satisfactory
5,2,2,5,3,2,2,1,4,1,Satisfactory
2,1,1,0,2,2,0,5,3,3,Satisfactory
0,0,4,5,2,4,1,4,4,1,Not Satisfactory
5,3,1,2,4,2,3,4,3,2,Satisfactory
2,2,4,5,0,3,2,0,2,2,Satisfactory
0,1,2,4,2,4,0,3,1,3,Satisfactory
0,2,4,2,4,2,3,4,1,4,Satisfactory
1,1,2,5,4,1,2,4,3,1,Not Satisfactory
4,4,3,5,1,1,4,2,3,3,Not Satisfactory
2,4,3,5,1,3,5,1,2,1,Not Satisfactory
3,2,2,2,1,4,3,4,2,4,Satisfactory
4,3,3,3,2,1,2,1,2,1,Not Satisfactory
0,1,5,5,5,2,3,2,3,4,Satisfactory
2,5,4,2,2,3,2,4,5,1,Satisfactory
1,0,0,2,5,0,3,4,1,3,Satisfactory
1,2,1,3,5,4,2,3,4,3,Satisfactory
2,2,1,3,0,3,1,3,3,2,Satisfactory
2,5,0,1,5,0,4,3,2,3,Satisfactory
1,2,4,2,1,0,5,4,2,1,Not Satisfactory
4,3,3,1,4,0,4,5,5,4,Satisfactory
1,1,1,2,2,4,1,4,3,4,Satisfactory
4,3,2,1,4,3,2,1,1,4,Satisfactory
1,1,3,0,2,3,1,4,1,2,Not Satisfactory
4,5,5,1,4,2,0,3,4,1,Not Satisfactory
0,2,1,1,1,2,3,3,3,2,Satisfactory
2,5,1,3,0,5,3,3,2,1,Satisfactory
3,5,2,5,4,5,1,2,4,3,Not Satisfactory
3,3,2,3,3,4,5,5,2,0,Not Satisfactory
3,4,3,4,0,2,1,3,4,4,Satisfactory
4,2,2,4,0,2,3,2,4,5,Satisfactory
1,0,2,3,4,5,4,3,0,3,Not Satisfactory
4,3,1,5,2,2,4,1,4,3,Satisfactory
2,1,3,4,1,4,4,0,4,1,Satisfactory
2,1,4,2,2,1,3,2,4,2,Satisfactory
2,1,1,2,3,3,4,2,5,3,Not Satisfactory
1,4,5,4,1,5,4,3,2,1,Not Satisfactory
1,2,3,3,2,4,1,1,3,4,Satisfactory
3,2,2,3,4,1,1,2,3,1,Not Satisfactory
2,3,2,4,0,5,3,1,2,4,Not Satisfactory
1,2,4,3,1,3,0,2,5,2,Satisfactory
3,1,5,3,2,3,2,1,1,2,Not Satisfactory
2,4,1,5,2,5,3,1,2,3,Satisfactory
3,4,2,1,3,1,3,3,4,4,Satisfactory
2,4,3,0,5,1,1,3,5,5,Satisfactory
1,5,0,4,2,5,1,1,3,1,Satisfactory
2,1,4,4,3,3,4,2,1,4,Satisfactory
5,3,4,4,4,2,2,1,1,5,Not Satisfactory
4,5,0,2,1,3,3,2,2,5,Not Satisfactory
3,1,3,1,1,0,2,5,4,5,Not Satisfactory
5,2,5,1,4,4,2,2,2,5,Satisfactory
1,3,3,4,2,3,2,1,4,1,Satisfactory
1,0,4,2,4,1,4,0,1,4,Satisfactory
0,4,3,1,5,0,1,5,3,1,Not Satisfactory
1,1,2,1,1,4,4,2,3,5,Satisfactory
1,4,1,1,0,2,2,0,3,1,Satisfactory
2,4,4,1,3,5,3,4,1,3,Not Satisfactory
1,4,5,2,1,3,2,2,1,2,Satisfactory
2,1,0,5,0,0,2,3,5,3,Not Satisfactory
0,5,3,1,3,4,3,0,4,1,Satisfactory
1,1,3,3,2,1,4,2,1,4,Not Satisfactory
3,3,5,2,3,3,2,2,3,3,Satisfactory
3,0,5,5,5,2,1,3,4,5,Satisfactory
3,1,2,4,2,1,3,3,4,5,Not Satisfactory
4,5,2,5,1,1,4,1,4,4,Satisfactory
4,0,0,0,0,4,4,1,1,4,Not Satisfactory
5,1,4,1,2,3,1,4,0,5,Not Satisfactory
4,3,1,2,3,2,3,1,2,4,Satisfactory
2,1,3,3,5,4,4,3,1,1,Not Satisfactory
1,1,5,4,5,5,2,0,3,5,Not Satisfactory
3,2,2,2,1,3,4,3,1,0,Satisfactory
3,0,4,4,2,2,2,2,3,0,Satisfactory
3,2,5,2,2,1,3,2,2,2,Satisfactory
5,0,1,4,4,1,0,4,3,5,Satisfactory
1,3,3,2,4,5,2,4,2,1,Not Satisfactory
5,1,0,3,0,4,4,1,2,5,Not Satisfactory
4,2,4,1,0,1,3,4,1,5,Not Satisfactory
0,1,3,2,4,5,3,3,0,4,Satisfactory
0,4,5,4,3,3,1,0,2,1,Not Satisfactory
2,2,3,5,0,0,2,2,0,1,Satisfactory
3,1,2,1,1,3,4,4,0,4,Satisfactory
4,4,3,2,4,4,4,1,2,0,Satisfactory
3,2,1,1,2,0,1,4,3,1,Satisfactory
2,3,3,2,3,1,2,2,2,5,Not Satisfactory
3,1,3,2,4,4,4,0,3,0,Not Satisfactory
0,5,2,0,3,2,1,4,1,0,Satisfactory
3,2,4,5,3,5,3,4,2,4,Not Satisfactory
4,2,3,1,3,3,3,4,3,3,Satisfactory
3,2,1,1,2,0,2,3,1,2,Satisfactory
3,3,3,5,4,1,0,5,2,5,Not Satisfactory
4,1,3,3,4,4,1,3,2,2,Satisfactory
0,3,5,5,5,3,2,3,4,1,Satisfactory
3,0,0,5,4,3,1,2,2,1,Satisfactory
2,5,4,2,2,1,2,1,1,2,Not Satisfactory
1,1,2,3,2,3,3,1,5,1,Satisfactory
4,3,3,5,0,1,3,1,2,5,Satisfactory
4,2,1,2,4,3,3,5,1,4,Satisfactory
1,2,0,1,1,5,3,0,2,4,Not Satisfactory
1,1,3,4,5,3,5,4,3,1,Not Satisfactory
0,5,4,1,2,1,2,3,2,3,Satisfactory
4,4,1,3,5,2,1,1,2,3,Satisfactory
4,2,4,1,2,2,4,0,1,5,Satisfactory
2,5,3,0,1,1,2,2,3,2,Not Satisfactory
1,4,2,4,2,2,1,5,5,3,Not Satisfactory
0,1,2,1,0,3,3,1,3,2,Satisfactory
2,5,1,4,3,4,5,3,2,2,Not Satisfactory
4,3,3,5,3,1,1,4,4,2,Satisfactory
3,2,1,0,0,2,5,5,1,3,Satisfactory
3,5,0,5,5,2,1,2,2,5,Satisfactory
1,4,5,1,2,2,4,3,4,4,Satisfactory
1,0,3,4,5,1,1,2,1,2,Not Satisfactory
4,5,1,2,3,1,5,2,2,2,Satisfactory
4,4,4,3,5,2,2,3,2,1,Not Satisfactory
2,0,2,2,1,4,3,5,1,1,Not Satisfactory
0,4,5,2,0,3,4,3,2,3,Satisfactory
0,2,4,3,2,1,0,0,4,5,Satisfactory
3,3,2,1,2,3,1,4,4,1,Satisfactory
2,0,5,3,4,0,1,1,1,4,Satisfactory
4,1,4,3,2,2,5,2,3,4,Not Satisfactory
4,0,5,1,4,4,2,2,2,3,Not Satisfactory
1,0,4,1,2,1,1,1,4,2,Not Satisfactory
1,3,1,2,2,5,4,5,4,4,Satisfactory
3,1,3,4,3,4,1,4,3,2,Satisfactory
3,3,3,3,4,1,1,1,2,1,Not Satisfactory
4,3,5,2,3,5,1,0,1,5,Satisfactory
4,4,4,3,4,3,5,5,3,4,Not Satisfactory
4,5,1,0,0,1,2,3,3,0,Satisfactory
1,4,2,3,2,1,3,1,4,3,Not Satisfactory
5,2,2,0,3,3,4,5,1,4,Satisfactory
0,4,2,0,4,5,3,3,0,1,Satisfactory
1,1,2,3,5,4,2,3,5,4,Not Satisfactory
4,2,3,2,4,1,2,4,2,5,Satisfactory
4,4,3,2,1,1,1,4,1,5,Not Satisfactory
2,2,3,3,3,3,3,3,0,1,Satisfactory
3,2,5,0,4,2,5,0,4,1,Satisfactory
5,4,4,5,3,0,2,3,3,2,Not Satisfactory
2,2,1,3,3,0,5,1,3,3,Not Satisfactory
4,1,4,1,0,1,4,4,5,4,Satisfactory
4,4,4,3,2,5,1,2,5,1,Not Satisfactory
1,1,0,3,3,3,5,2,1,5,Not Satisfactory
1,0,1,5,2,0,4,2,2,4,Satisfactory
5,3,2,3,2,4,3,0,0,2,Satisfactory
0,5,4,4,5,1,4,3,2,3,Satisfactory
5,2,0,2,5,2,3,2,1,1,Not Satisfactory
4,5,5,2,3,2,1,4,4,2,Satisfactory
0,1,2,1,3,3,0,2,2,1,Satisfactory
1,2,4,1,0,2,2,5,4,5,Satisfactory
1,2,3,5,1,1,0,0,4,5,Satisfactory
4,3,4,2,1,0,4,3,4,4,Not Satisfactory
3,1,3,2,3,3,1,4,3,2,Not Satisfactory
2,4,4,2,3,3,4,2,2,2,Satisfactory
5,3,3,3,2,2,1,4,0,4,Satisfactory
2,1,5,2,2,1,5,1,2,4,Satisfactory
1,2,1,2,2,3,3,5,3,2,Satisfactory
3,2,3,1,1,1,2,5,1,5,Not Satisfactory
3,5,1,2,1,1,5,0,3,1,Satisfactory
4,1,3,3,4,5,4,2,2,0,Satisfactory
0,4,2,1,2,3,2,2,2,3,Not Satisfactory
2,3,4,4,4,2,4,0,1,1,Satisfactory
3,4,2,1,2,4,2,2,3,5,Satisfactory
0,4,2,1,4,4,3,5,3,1,Not Satisfactory
0,2,4,3,4,5,4,2,1,0,Not Satisfactory
4,1,2,1,5,4,5,3,1,4,Satisfactory
2,1,1,5,3,3,3,2,3,4,Not Satisfactory
4,4,4,3,0,4,5,3,0,0,Not Satisfactory
4,3,4,2,2,2,1,0,3,4,Satisfactory
4,2,4,1,2,3,3,4,4,1,Satisfactory
0,3,0,4,3,4,3,0,4,3,Not Satisfactory
1,5,4,1,2,4,1,1,1,1,Satisfactory
2,2,1,1,3,2,4,5,4,4,Satisfactory
0,5,3,0,1,2,3,0,0,5,Not Satisfactory
4,2,4,4,3,3,3,4,3,4,Not Satisfactory
1,1,3,0,2,4,1,1,3,1,Not Satisfactory
3,2,2,2,4,4,0,4,2,4,Satisfactory
0,1,4,1,1,2,2,0,2,3,Not Satisfactory
1,2,4,2,1,1,3,4,1,5,Not Satisfactory
3,2,3,1,0,2,3,0,4,2,Satisfactory
2,5,3,2,2,4,3,0,0,5,Satisfactory
4,1,5,3,1,5,1,0,4,1,Satisfactory
1,4,5,1,1,2,5,4,3,5,Satisfactory
1,2,2,4,1,4,1,4,2,1,Not Satisfactory
4,5,3,4,3,2,5,4,5,2,Not Satisfactory
3,4,3,0,3,1,1,3,2,1,Not Satisfactory
2,1,0,2,2,5,4,1,1,1,Satisfactory
4,2,5,2,4,2,4,5,5,0,Not Satisfactory
0,3,0,4,3,5,3,2,5,4,Satisfactory
4,3,5,1,1,0,2,2,5,0,Satisfactory
4,4,0,5,1,3,1,1,0,2,Not Satisfactory
5,4,2,2,3,4,1,4,1,3,Satisfactory
1,1,2,4,0,4,0,1,5,5,Not Satisfactory
3,1,2,4,1,0,2,3,3,1,Not Satisfactory
1,4,4,4,5,3,5,1,3,0,Satisfactory
1,4,4,3,1,3,1,3,3,3,Satisfactory
3,4,4,1,3,1,2,5,3,4,Satisfactory
2,1,3,1,4,4,3,1,1,4,Not Satisfactory
3,1,4,3,2,4,4,4,4,4,Not Satisfactory
1,2,3,2,3,4,4,4,1,3,Not Satisfactory
1,1,5,2,1,1,4,1,1,2,Satisfactory
5,0,3,4,2,4,3,1,1,2,Not Satisfactory
0,2,2,0,4,4,2,1,4,4,Not Satisfactory
2,1,2,1,2,4,2,1,4,2,Not Satisfactory
2,0,5,0,3,0,4,1,4,2,Satisfactory
1,3,0,1,2,4,3,4,1,3,Satisfactory
3,2,1,3,1,2,3,1,1,1,Satisfactory
2,4,1,2,4,5,5,2,4,1,Satisfactory
2,3,0,1,2,3,3,2,2,0,Satisfactory
2,4,2,4,5,1,2,5,0,3,Satisfactory
1,0,3,3,1,3,3,0,4,1,Not Satisfactory
3,0,1,4,0,3,2,3,4,4,Satisfactory
1,2,0,2,4,0,5,1,1,4,Not Satisfactory
4,5,2,3,2,1,3,2,4,2,Not Satisfactory
2,5,4,2,3,3,3,5,1,1,Satisfactory
2,4,4,4,4,2,5,4,2,2,Satisfactory
1,3,2,1,2,4,1,1,3,2,Not Satisfactory
0,5,1,4,2,2,4,4,4,5,Not Satisfactory
4,4,1,5,3,5,3,3,5,2,Not Satisfactory
3,4,3,4,3,2,1,0,3,5,Not Satisfactory
2,4,1,2,1,3,4,1,4,5,Satisfactory
4,3,3,3,2,1,4,2,4,4,Satisfactory
4,5,5,0,1,2,5,1,1,2,Satisfactory
3,1,4,4,2,3,3,3,2,4,Satisfactory
2,4,2,5,0,5,2,3,2,3,Satisfactory
5,5,3,3,2,1,2,3,2,3,Satisfactory
4,5,4,3,2,5,2,3,5,1,Not Satisfactory
4,5,3,1,5,4,2,3,0,2,Not Satisfactory
2,2,4,4,2,0,4,2,3,3,Not Satisfactory
1,5,2,1,3,2,0,4,0,5,Satisfactory
1,4,2,1,3,3,1,3,1,3,Not Satisfactory
0,3,3,4,3,4,3,3,2,2,Satisfactory
3,5,1,2,4,1,0,0,4,5,Satisfactory
3,1,3,1,4,5,3,3,2,4,Not Satisfactory
3,3,1,4,2,5,1,2,2,4,Satisfactory
3,3,3,0,2,4,5,0,4,1,Not Satisfactory
4,4,3,1,2,2,0,2,2,3,Satisfactory
2,0,2,1,4,1,4,4,2,2,Satisfactory
3,3,4,2,3,5,1,4,5,0,Not Satisfactory
2,2,3,2,4,4,2,4,0,4,Satisfactory
3,5,1,4,1,4,2,0,0,5,Not Satisfactory
0,1,3,3,5,3,2,4,1,4,Not Satisfactory
4,5,0,0,2,5,0,2,0,5,Not Satisfactory
4,2,3,0,1,3,2,2,4,0,Satisfactory
5,0,1,3,0,4,0,5,2,4,Not Satisfactory
3,1,4,2,1,1,3,2,1,1,Not Satisfactory
2,1,2,5,1,4,0,3,1,2,Not Satisfactory
3,1,2,2,0,2,3,3,2,4,Satisfactory
3,5,2,4,3,3,1,5,2,2,Satisfactory
3,1,0,1,4,0,4,1,0,2,Satisfactory
1,1,4,2,5,0,3,2,0,1,Satisfactory
3,3,1,5,1,4,2,4,5,4,Satisfactory
3,4,4,4,5,3,4,4,3,1,Not Satisfactory
1,4,3,1,4,0,0,3,1,2,Satisfactory
1,2,0,3,1,1,4,1,2,2,Satisfactory
4,4,0,1,1,5,1,3,2,0,Not Satisfactory
1,1,1,3,1,2,4,3,4,3,Not Satisfactory
3,3,1,2,2,0,4,4,3,0,Satisfactory
5,1,5,4,5,1,5,1,2,1,Satisfactory
4,4,0,1,4,0,1,4,2,1,Not Satisfactory
4,3,0,2,5,4,5,4,3,1,Satisfactory
1,4,1,1,1,1,1,4,2,4,Satisfactory
4,2,5,0,0,1,2,5,1,4,Satisfactory
3,1,3,2,1,3,5,4,3,5,Not Satisfactory
0,1,1,5,0,1,1,5,2,2,Satisfactory
0,2,2,2,1,4,3,1,0,4,Not Satisfactory
1,5,4,2,2,2,5,4,0,2,Satisfactory
2,3,3,3,3,1,3,5,2,5,Satisfactory
1,2,2,1,4,1,4,3,4,4,Satisfactory
2,3,3,3,4,2,0,2,4,1,Satisfactory
1,5,3,2,2,5,1,2,1,3,Satisfactory
2,3,5,3,2,4,0,3,1,3,Satisfactory
3,2,2,2,3,4,2,2,5,3,Satisfactory
0,4,3,3,2,2,4,4,2,1,Satisfactory
1,3,3,2,2,2,2,2,4,5,Satisfactory
3,2,3,1,1,3,3,0,3,0,Satisfactory
2,4,1,1,4,4,2,4,3,1,Satisfactory
5,2,1,2,3,2,4,4,3,3,Satisfactory
2,2,4,3,1,2,1,3,5,4,Not Satisfactory
3,0,1,4,4,3,5,2,4,1,Not Satisfactory
2,3,1,4,3,4,0,2,2,2,Satisfactory
2,2,2,1,4,2,1,3,1,2,Satisfactory
0,3,1,3,0,3,0,4,4,0,Not Satisfactory
4,0,0,5,2,2,5,4,1,1,Satisfactory
1,2,1,2,2,3,1,3,3,1,Not Satisfactory
4,4,2,2,4,3,2,2,2,2,Satisfactory
3,4,4,2,2,3,1,3,2,0,Not Satisfactory
2,3,0,0,4,2,5,1,2,4,Satisfactory
3,2,1,3,4,2,1,2,3,4,Satisfactory
2,2,0,1,3,2,3,1,2,1,Not Satisfactory
1,3,3,4,4,3,3,4,3,3,Not Satisfactory
1,3,1,3,1,2,2,4,2,4,Satisfactory
3,2,2,2,1,3,0,5,4,2,Not Satisfactory
1,1,1,3,1,4,3,0,4,4,Not Satisfactory
4,3,2,2,1,3,4,4,2,1,Not Satisfactory
2,3,1,2,1,3,3,1,3,3,Satisfactory
2,3,3,2,3,2,2,4,3,5,Satisfactory
4,4,3,4,1,5,3,4,2,3,Satisfactory
1,4,2,0,2,1,4,4,3,1,Satisfactory
1,4,4,1,2,2,3,1,0,2,Not Satisfactory
1,1,1,1,3,2,2,3,1,0,Satisfactory
4,1,3,5,4,5,2,1,0,4,Satisfactory
3,5,4,3,4,0,1,4,1,3,Satisfactory
4,3,1,1,1,5,2,5,4,2,Satisfactory
0,3,5,4,0,3,2,5,3,4,Satisfactory
2,3,4,3,2,5,4,2,1,3,Not Satisfactory
4,3,2,0,1,4,3,5,0,5,Satisfactory
2,2,1,2,4,0,4,2,4,1,Satisfactory
5,3,2,2,4,4,1,3,3,3,Satisfactory
0,2,1,3,1,4,3,0,4,4,Satisfactory
1,4,1,2,1,0,2,2,5,2,Satisfactory
4,2,3,0,4,0,2,2,3,1,Satisfactory
2,4,2,0,2,4,2,1,1,4,Not Satisfactory
2,4,2,3,1,1,5,5,1,0,Not Satisfactory
2,0,3,4,4,4,5,4,0,4,Satisfactory
1,2,4,2,4,3,5,3,2,4,Not Satisfactory
5,1,1,4,4,3,1,3,4,1,Not Satisfactory
4,3,5,2,0,1,2,4,0,1,Not Satisfactory
5,4,0,5,4,1,4,3,1,1,Satisfactory
1,3,3,2,3,3,2,3,2,0,Satisfactory
3,3,4,4,1,1,2,3,3,1,Satisfactory
5,3,1,5,3,0,3,5,2,0,Satisfactory
0,2,4,4,1,0,1,5,4,1,Not Satisfactory
4,5,4,1,3,2,4,4,4,1,Not Satisfactory
4,2,4,4,5,4,3,4,0,4,Not Satisfactory
1,1,2,0,4,3,3,3,1,0,Satisfactory
3,3,5,2,4,3,2,1,1,0,Satisfactory
5,4,4,4,0,2,2,4,3,2,Satisfactory
3,0,1,3,2,3,3,0,1,1,Satisfactory
1,1,2,1,4,0,1,1,0,2,Satisfactory
0,1,3,1,5,4,3,2,1,4,Satisfactory
1,1,3,0,2,3,1,4,1,1,Satisfactory
3,4,3,2,4,2,3,2,1,0,Satisfactory
1,3,5,4,2,4,3,3,2,3,Satisfactory
1,3,3,1,3,4,2,4,4,2,Satisfactory
2,0,4,1,5,4,0,3,4,4,Satisfactory
2,2,1,3,2,4,3,2,1,5,Not Satisfactory
5,4,3,1,2,3,4,2,4,3,Satisfactory
1,4,5,2,1,2,1,1,5,3,Satisfactory
3,5,1,2,5,4,5,4,5,1,Not Satisfactory
1,1,3,2,5,4,4,3,3,3,Not Satisfactory
4,2,5,4,1,1,1,0,5,2,Not Satisfactory
1,2,3,2,2,4,1,4,0,3,Satisfactory
3,0,1,1,4,4,3,1,2,2,Not Satisfactory
4,3,1,5,3,4,2,2,3,0,Satisfactory
4,2,2,4,2,4,4,4,2,1,Satisfactory
5,4,4,4,4,1,2,4,5,3,Not Satisfactory
5,2,1,4,1,2,1,5,3,3,Satisfactory
1,4,3,1,3,5,0,4,1,1,Satisfactory
5,1,4,5,0,3,2,4,1,3,Satisfactory
4,0,1,0,3,4,2,3,1,2,Satisfactory
0,2,5,3,2,2,3,1,4,4,Satisfactory
2,5,0,1,4,3,4,4,2,3,Satisfactory
4,5,3,2,5,5,0,4,3,0,Not Satisfactory
1,1,4,3,2,0,5,3,1,1,Not Satisfactory
2,5,0,4,2,2,4,4,5,0,Not Satisfactory
3,4,4,5,3,2,1,4,2,3,Not Satisfactory
3,5,3,1,1,1,3,3,3,2,Satisfactory
1,4,0,1,3,3,5,3,2,4,Satisfactory
2,4,4,3,4,4,3,4,1,1,Not Satisfactory
5,4,1,5,1,3,2,3,3,1,Satisfactory
5,5,5,3,2,2,2,4,3,0,Satisfactory
5,4,1,0,1,2,2,5,4,0,Not Satisfactory
1,2,3,3,2,1,2,5,1,4,Satisfactory
0,5,1,3,4,2,1,2,0,1,Satisfactory
3,2,1,3,4,3,0,4,2,1,Satisfactory
0,1,0,1,1,3,4,2,2,3,Satisfactory
2,5,1,5,1,4,3,3,3,3,Not Satisfactory
1,3,2,2,3,5,2,2,2,5,Satisfactory
2,5,2,2,4,4,2,5,4,1,Satisfactory
2,0,2,5,1,0,1,4,4,0,Satisfactory
3,2,3,3,3,2,1,5,4,3,Satisfactory
5,4,4,2,1,5,4,0,2,2,Not Satisfactory
4,3,2,4,1,1,2,2,4,0,Satisfactory
4,3,3,5,3,4,3,1,5,5,Satisfactory
4,2,3,4,0,4,1,4,4,3,Not Satisfactory
3,2,4,4,4,4,0,3,0,1,Satisfactory
2,2,0,3,2,2,2,4,0,0,Not Satisfactory
3,3,4,3,2,1,5,0,2,1,Not Satisfactory
2,4,1,3,2,2,1,3,5,3,Satisfactory
2,1,3,5,4,1,1,2,1,2,Satisfactory
2,3,4,5,4,4,5,1,3,2,Satisfactory
1,2,2,1,4,4,4,5,0,1,Satisfactory
4,4,0,4,4,4,4,0,1,1,Satisfactory
2,1,1,1,0,1,4,0,4,2,Satisfactory
4,1,0,2,4,2,4,5,4,4,Not Satisfactory
3,3,3,3,1,3,4,3,1,2,Not Satisfactory
4,1,5,3,4,3,5,2,4,2,Satisfactory
3,4,4,4,1,4,0,2,4,2,Satisfactory
2,1,1,3,3,1,2,4,2,0,Not Satisfactory
0,2,3,0,2,1,0,2,5,1,Satisfactory
2,2,3,1,2,0,2,3,1,1,Not Satisfactory
5,3,3,4,3,3,3,1,5,1,Satisfactory
2,2,3,4,1,1,3,3,3,2,Satisfactory
2,4,4,1,4,5,5,4,3,2,Satisfactory
4,3,1,2,3,4,2,3,1,5,Satisfactory
2,1,5,2,2,5,4,3,4,4,Not Satisfactory
3,1,2,3,3,1,2,1,4,1,Satisfactory
3,5,2,0,1,5,4,3,3,5,Satisfactory
3,2,4,0,0,1,2,4,2,1,Satisfactory
4,4,4,2,5,4,1,5,5,0,Satisfactory
4,2,2,0,1,3,2,4,1,1,Not Satisfactory
0,5,3,3,1,1,4,5,0,4,Satisfactory
0,4,4,3,3,1,1,5,4,1,Satisfactory
2,3,1,5,5,4,1,3,1,1,Not Satisfactory
3,2,3,1,4,5,4,3,1,3,Not Satisfactory
3,3,4,3,2,2,5,4,4,2,Satisfactory
4,3,5,3,4,2,4,4,2,4,Not Satisfactory
4,3,3,1,2,1,2,0,5,4,Not Satisfactory
2,4,4,1,4,3,0,3,4,0,Satisfactory
5,4,5,3,5,1,2,4,3,5,Not Satisfactory
1,4,2,5,4,2,2,3,4,5,Satisfactory
4,5,2,1,2,2,0,3,3,3,Satisfactory
2,4,1,2,2,0,3,2,5,1,Not Satisfactory
2,2,3,0,3,4,1,1,4,4,Not Satisfactory
3,2,2,3,2,2,5,3,0,3,Not Satisfactory
5,0,1,1,1,1,5,3,1,2,Satisfactory
2,2,5,2,2,3,3,0,2,4,Satisfactory
1,4,2,2,2,1,2,3,3,5,Satisfactory
5,3,4,0,4,2,2,5,2,1,Satisfactory
0,1,1,1,2,4,2,5,0,1,Satisfactory
2,5,1,4,4,2,4,1,1,4,Satisfactory
1,3,2,2,4,3,2,5,1,4,Satisfactory
3,1,1,5,2,0,5,3,0,5,Not Satisfactory
1,4,3,5,3,1,1,3,4,5,Satisfactory
4,5,5,3,4,2,2,2,4,5,Satisfactory
1,1,4,0,1,4,3,4,1,5,Not Satisfactory
3,1,0,3,4,4,2,2,1,1,Satisfactory
3,4,4,5,4,1,2,5,5,5,Not Satisfactory
1,3,4,0,1,3,5,3,1,2,Satisfactory
5,0,1,1,4,5,4,3,1,3,Not Satisfactory
1,2,3,4,5,0,3,5,2,3,Satisfactory
2,3,0,0,2,3,2,4,1,1,Satisfactory
3,4,2,1,2,1,2,3,1,0,Satisfactory
0,3,4,5,2,4,0,5,3,3,Satisfactory
2,4,1,3,1,1,1,4,4,5,Not Satisfactory
0,1,4,1,3,2,1,2,2,3,Not Satisfactory
4,2,5,1,1,3,3,1,1,1,Satisfactory
0,2,3,5,1,3,2,2,2,3,Satisfactory
4,3,1,5,4,1,2,3,0,3,Satisfactory
5,3,4,2,2,4,2,5,3,3,Satisfactory
5,3,2,1,4,3,0,4,1,5,Satisfactory
2,4,1,0,3,3,2,1,5,1,Satisfactory
5,5,4,3,3,2,5,3,2,2,Satisfactory
2,4,0,4,4,3,4,0,4,1,Not Satisfactory
0,1,3,5,1,1,3,1,2,0,Satisfactory
1,1,4,2,1,4,1,4,4,1,Not Satisfactory
2,4,3,3,3,1,4,0,4,1,Satisfactory
2,2,4,5,1,0,5,4,2,4,Not Satisfactory
2,1,1,3,3,4,4,1,3,0,Satisfactory
2,3,4,5,4,0,4,1,4,1,Not Satisfactory
2,4,3,1,0,5,0,0,0,3,Not Satisfactory
5,0,4,1,5,0,4,3,3,2,Satisfactory
2,1,1,0,0,3,3,5,5,4,Not Satisfactory
3,2,1,2,5,4,3,3,4,3,Satisfactory
4,1,0,4,1,2,3,5,5,5,Satisfactory
1,2,5,1,4,4,2,5,0,0,Not Satisfactory
1,4,0,1,5,0,4,3,4,4,Not Satisfactory
1,2,5,2,4,3,4,1,4,1,Satisfactory
0,3,4,4,4,4,1,2,0,1,Not Satisfactory
4,3,1,0,4,4,4,3,2,1,Satisfactory
2,2,2,3,3,3,4,5,4,4,Satisfactory
3,4,1,0,4,5,4,3,1,5,Not Satisfactory
3,1,4,3,3,3,1,3,3,1,Not Satisfactory
4,5,2,5,2,2,2,1,4,0,Not Satisfactory
4,3,4,2,2,4,1,3,3,1,Satisfactory
4,5,0,3,1,0,2,4,2,1,Satisfactory
3,3,3,2,1,4,2,1,0,4,Satisfactory
3,3,1,4,1,5,1,5,1,4,Satisfactory
3,1,2,2,0,5,3,4,4,3,Not Satisfactory
2,5,4,3,2,5,4,2,5,1,Not Satisfactory
0,3,5,4,0,1,4,4,4,0,Satisfactory
0,3,1,3,5,3,2,1,3,1,Not Satisfactory
3,2,5,4,2,3,2,3,1,1,Satisfactory
4,3,2,4,4,2,5,2,1,3,Satisfactory
3,3,5,5,1,3,1,0,4,3,Not Satisfactory
3,3,0,2,0,5,3,4,3,2,Not Satisfactory
1,3,3,1,2,5,1,5,1,0,Not Satisfactory
4,0,5,5,4,3,3,4,3,1,Satisfactory
4,1,2,0,2,4,3,3,4,1,Satisfactory
3,0,1,4,1,2,5,3,5,4,Not Satisfactory
1,4,3,3,3,1,3,2,1,2,Not Satisfactory
4,5,1,2,1,1,2,0,4,4,Not Satisfactory
2,3,4,1,2,4,3,3,4,2,Not Satisfactory
1,5,3,0,1,0,1,3,2,2,Not Satisfactory
4,4,1,5,1,5,1,0,3,2,Satisfactory
0,3,1,3,3,0,3,2,1,3,Not Satisfactory
2,3,3,3,2,4,2,4,1,3,Not Satisfactory
5,2,1,4,4,4,0,3,4,1,Not Satisfactory
3,5,1,2,4,1,1,2,2,0,Satisfactory
4,2,4,1,4,1,5,3,5,5,Not Satisfactory
1,1,3,4,0,3,2,3,4,2,Satisfactory
4,3,1,2,0,3,1,2,3,3,Not Satisfactory
0,1,2,2,4,4,1,3,4,1,Not Satisfactory
2,0,3,4,2,3,2,2,0,2,Satisfactory
2,2,2,1,2,1,4,2,0,0,Not Satisfactory
2,5,3,3,1,4,4,4,5,3,Satisfactory
3,2,1,2,0,3,1,4,1,1,Satisfactory
4,2,2,3,4,2,1,5,3,4,Satisfactory
1,1,3,4,3,2,2,5,2,1,Satisfactory
3,1,5,1,0,5,2,3,1,4,Satisfactory
4,2,3,2,3,2,2,4,3,4,Satisfactory
5,2,0,3,5,4,2,1,1,3,Satisfactory
0,2,2,5,4,0,2,5,4,3,Not Satisfactory
3,1,4,3,1,2,5,2,4,2,Not Satisfactory
1,3,3,3,5,0,3,4,0,4,Not Satisfactory
1,4,2,5,0,0,4,3,2,2,Satisfactory
5,2,0,5,5,1,4,2,5,3,Satisfactory
2,1,4,1,2,1,5,5,0,3,Satisfactory
1,2,2,3,4,4,2,3,3,1,Not Satisfactory
1,1,4,4,3,3,0,3,3,5,Satisfactory
0,4,2,5,4,2,5,0,5,2,Satisfactory
3,1,4,2,0,1,0,4,0,3,Satisfactory
4,5,4,5,2,5,3,4,3,1,Satisfactory
5,1,1,3,2,2,1,1,1,4,Satisfactory
2,4,3,2,1,2,3,2,4,4,Satisfactory
2,1,4,1,0,3,3,3,2,4,Satisfactory
4,4,0,1,5,0,3,0,3,2,Not Satisfactory
2,4,2,2,2,3,1,3,5,1,Satisfactory
4,4,0,1,0,3,2,3,2,5,Not Satisfactory
4,1,4,1,1,4,2,1,3,4,Not Satisfactory
0,4,2,5,2,2,1,4,1,2,Satisfactory
5,5,1,4,2,4,5,4,3,4,Satisfactory
3,1,3,1,1,0,2,3,5,5,Not Satisfactory
3,4,2,3,2,3,4,1,1,4,Not Satisfactory
4,3,4,1,1,1,5,3,0,3,Satisfactory
2,4,1,2,3,4,2,2,2,2,Satisfactory
2,1,4,3,3,4,1,3,5,5,Satisfactory
4,4,1,4,4,2,2,1,3,3,Not Satisfactory
4,0,4,4,5,5,1,4,1,2,Satisfactory
1,1,2,2,1,4,2,1,4,3,Not Satisfactory
4,3,4,4,1,2,2,1,4,1,Not Satisfactory
5,1,3,3,0,0,4,5,1,1,Not Satisfactory
2,4,3,5,1,3,4,2,4,1,Not Satisfactory
3,5,4,2,4,5,5,2,3,4,Not Satisfactory
3,5,2,3,0,5,2,1,2,4,Not Satisfactory
4,0,2,3,3,0,4,2,3,5,Satisfactory
2,1,3,2,3,4,2,4,0,2,Satisfactory
2,3,5,1,1,4,4,2,1,1,Not Satisfactory
1,0,4,1,3,5,4,4,2,4,Satisfactory
3,4,1,2,2,1,5,5,2,0,Not Satisfactory
2,2,3,3,4,1,2,4,2,3,Satisfactory
3,0,2,4,1,3,1,0,2,4,Satisfactory
3,1,1,4,2,2,2,3,4,0,Satisfactory
3,2,4,3,2,3,4,1,2,1,Satisfactory
0,1,4,3,0,2,4,1,3,2,Not Satisfactory
1,0,2,2,4,1,4,3,1,3,Satisfactory
3,2,2,0,3,0,5,4,4,2,Not Satisfactory
2,2,3,3,3,3,2,2,2,1,Not Satisfactory
4,3,2,5,2,2,3,0,0,4,Satisfactory
2,5,2,2,5,1,4,2,2,4,Satisfactory
3,0,2,4,4,4,5,1,2,0,Satisfactory
5,2,5,0,1,1,3,1,3,2,Not Satisfactory
0,5,3,3,2,5,2,2,4,4,Not Satisfactory
1,1,5,0,4,0,3,3,4,2,Satisfactory
3,0,5,1,4,1,1,1,2,3,Satisfactory
4,3,2,2,1,2,5,3,2,2,Satisfactory
4,1,1,1,1,5,2,2,1,4,Satisfactory
4,3,3,3,3,1,4,2,5,2,Not Satisfactory
0,2,1,2,1,4,4,5,3,1,Satisfactory
4,4,3,5,3,0,4,2,4,0,Not Satisfactory
2,4,0,2,0,1,2,4,3,3,Satisfactory
5,1,5,5,1,4,0,2,0,4,Satisfactory
3,1,2,2,5,4,4,0,3,0,Satisfactory
1,0,2,2,0,4,2,1,1,2,Satisfactory
0,1,3,3,1,3,5,2,2,5,Satisfactory
2,4,2,2,5,0,1,3,2,1,Not Satisfactory
1,4,3,2,2,2,2,2,4,5,Satisfactory
2,2,2,2,5,1,1,0,1,2,Satisfactory
2,3,5,3,4,5,1,5,5,0,Satisfactory
0,5,1,1,2,4,5,1,2,1,Satisfactory
4,0,1,5,3,1,1,4,1,4,Satisfactory
1,4,4,3,0,3,0,4,1,1,Satisfactory
4,4,2,4,2,2,0,3,3,4,Satisfactory
1,5,2,4,4,1,3,3,1,2,Satisfactory
4,3,1,3,5,0,2,4,4,0,Not Satisfactory
2,2,5,4,5,3,2,3,2,1,Satisfactory
1,5,4,4,1,4,5,4,5,1,Satisfactory
0,2,1,1,3,4,3,1,2,4,Not Satisfactory
2,4,1,1,2,3,2,2,0,4,Not Satisfactory
4,2,2,4,2,3,0,5,4,1,Not Satisfactory
0,2,1,4,3,2,5,3,4,4,Not Satisfactory
3,0,5,1,3,3,1,2,1,1,Not Satisfactory
4,4,3,3,4,2,2,0,2,2,Satisfactory
2,0,4,0,5,4,1,3,3,2,Satisfactory
4,4,1,1,4,1,2,1,1,0,Satisfactory
1,4,5,1,5,1,1,4,1,3,Satisfactory
5,2,3,1,1,1,2,2,4,4,Satisfactory
5,3,2,5,2,2,1,1,3,4,Satisfactory
2,1,1,2,2,2,2,1,1,1,Satisfactory
1,1,2,5,2,4,5,1,3,1,Satisfactory
3,1,3,1,4,2,3,4,0,4,Satisfactory
4,4,3,1,4,2,2,1,4,2,Satisfactory
3,2,5,4,3,4,2,5,1,2,Not Satisfactory
3,4,1,5,4,2,5,0,4,2,Not Satisfactory
1,4,1,1,3,2,4,1,0,2,Not Satisfactory
1,2,2,5,3,3,0,1,1,2,Satisfactory
2,3,5,2,2,5,4,1,1,5,Satisfactory
3,2,1,4,1,5,2,4,2,5,Not Satisfactory
3,1,2,5,3,1,5,3,3,1,Satisfactory
1,2,5,5,0,5,1,4,1,1,Not Satisfactory
0,1,3,5,1,1,1,5,2,1,Not Satisfactory
2,2,2,2,5,2,3,2,4,3,Not Satisfactory
0,3,3,0,5,1,0,3,0,3,Satisfactory
5,1,3,0,3,4,2,2,3,5,Not Satisfactory
0,1,4,0,3,2,4,3,5,2,Not Satisfactory
4,2,2,1,2,5,2,1,1,4,Satisfactory
2,0,3,5,1,0,0,2,1,3,Not Satisfactory
1,1,2,5,2,2,0,1,0,3,Not Satisfactory
2,4,3,3,3,5,2,5,1,2,Satisfactory
2,1,4,4,4,2,3,2,4,1,Not Satisfactory
1,4,2,2,4,3,2,5,3,1,Satisfactory
4,4,4,2,3,0,2,2,4,4,Not Satisfactory
1,5,1,1,5,0,3,5,2,3,Not Satisfactory
4,5,1,3,1,2,0,5,2,3,Not Satisfactory
4,3,4,4,0,4,5,5,5,2,Satisfactory
4,2,3,4,1,1,4,2,0,2,Not Satisfactory
2,4,5,4,2,3,4,1,4,4,Not Satisfactory
2,1,4,1,1,3,0,3,3,5,Not Satisfactory
2,3,4,2,3,5,3,3,3,4,Satisfactory
3,4,4,2,5,4,4,2,0,3,Satisfactory
2,3,1,2,2,1,4,3,3,1,Not Satisfactory
3,5,1,1,3,3,5,3,4,3,Satisfactory
3,1,2,2,5,3,4,1,1,2,Satisfactory
3,2,4,5,4,0,4,4,5,0,Satisfactory
4,5,2,3,1,2,2,4,4,2,Not Satisfactory
3,0,5,1,3,3,1,2,5,4,Satisfactory
2,4,3,1,1,3,2,0,4,2,Not Satisfactory
3,2,2,2,5,4,1,1,1,0,Satisfactory
3,5,2,5,0,2,4,3,1,2,Satisfactory
4,2,5,3,4,2,4,3,1,3,Satisfactory
2,3,1,5,2,1,5,5,1,0,Not Satisfactory
5,2,4,2,2,2,5,4,3,4,Satisfactory
4,1,2,2,0,3,1,1,3,4,Satisfactory
3,4,2,4,4,2,2,0,1,0,Not Satisfactory
3,1,3,1,5,1,1,4,4,1,Satisfactory
2,3,3,0,1,1,1,1,3,0,Satisfactory
1,5,3,4,0,5,0,3,2,4,Satisfactory
4,2,3,4,2,4,4,1,3,2,Satisfactory
3,0,3,2,4,1,0,3,1,1,Not Satisfactory
2,4,0,3,3,4,5,5,1,0,Satisfactory
3,2,2,1,3,3,3,2,0,1,Satisfactory
5,4,2,2,3,5,3,3,3,2,Not Satisfactory
1,3,3,2,4,4,0,1,5,2,Not Satisfactory
5,2,4,4,1,4,4,0,1,2,Not Satisfactory
1,1,0,1,4,3,4,2,0,5,Satisfactory
2,4,3,3,1,3,0,2,2,2,Not Satisfactory
2,4,3,2,4,2,4,4,4,4,Satisfactory
2,4,1,2,2,1,0,4,2,1,Not Satisfactory
4,3,0,1,3,4,5,2,4,3,Satisfactory
1,1,0,3,1,3,3,2,4,5,Satisfactory
2,3,4,0,5,2,1,1,1,1,Not Satisfactory
5,4,1,2,4,2,3,4,2,2,Not Satisfactory
4,4,3,3,4,5,1,2,0,0,Satisfactory
1,2,1,4,0,0,1,2,0,4,Not Satisfactory
5,4,5,3,1,5,1,1,1,5,Satisfactory
4,2,3,0,4,5,3,0,2,3,Satisfactory
4,4,4,3,4,1,0,4,3,2,Not Satisfactory
5,1,1,1,3,4,4,1,3,3,Satisfactory
2,1,0,5,1,4,2,5,0,3,Satisfactory
3,1,2,1,2,2,1,5,3,4,Not Satisfactory
4,0,1,4,4,2,4,2,1,3,Satisfactory
1,4,2,0,3,1,1,4,2,4,Not Satisfactory
5,3,4,1,4,0,0,1,2,4,Not Satisfactory
4,2,0,4,1,1,4,3,4,0,Not Satisfactory
4,5,5,5,1,1,4,3,4,1,Not Satisfactory
4,3,5,4,2,1,4,1,3,4,Satisfactory
1,4,3,3,3,3,2,4,0,1,Satisfactory
1,3,1,0,0,2,4,2,4,5,Satisfactory
0,4,4,2,3,1,2,4,0,4,Not Satisfactory
1,0,3,4,2,4,2,4,3,4,Satisfactory
2,3,1,0,1,0,3,2,3,3,Satisfactory
5,3,3,5,2,4,2,4,5,3,Not Satisfactory
3,4,1,3,3,1,4,2,4,2,Not Satisfactory
2,2,1,1,2,4,1,3,4,4,Satisfactory
1,4,4,2,3,4,1,1,4,1,Satisfactory
4,2,4,0,1,0,3,3,2,3,Satisfactory
0,1,4,1,2,5,4,0,3,4,Not Satisfactory
1,2,2,2,3,3,4,3,4,1,Not Satisfactory
1,4,2,4,3,4,2,1,4,4,Not Satisfactory
1,0,2,3,0,3,0,1,2,1,Satisfactory
2,0,3,3,4,1,2,5,3,4,Satisfactory
4,1,2,2,5,5,2,2,1,2,Satisfactory
2,5,2,1,5,3,1,1,2,3,Not Satisfactory
3,0,4,3,2,1,3,3,3,2,Satisfactory
2,3,2,2,3,5,4,2,2,0,Satisfactory
2,3,0,4,4,4,1,5,2,1,Not Satisfactory
4,3,1,4,2,2,2,4,5,5,Not Satisfactory
2,5,5,4,1,0,4,4,3,4,Not Satisfactory
2,1,4,4,4,2,3,3,4,4,Satisfactory
3,1,3,2,2,5,2,4,0,3,Satisfactory
2,1,1,3,1,0,1,2,4,4,Satisfactory
3,1,1,2,2,2,4,3,4,3,Not Satisfactory
0,2,0,2,4,1,4,0,0,1,Satisfactory
4,1,4,2,0,1,3,3,3,1,Not Satisfactory
4,4,2,3,4,4,2,4,5,2,Satisfactory
2,4,0,1,2,3,3,0,2,1,Not Satisfactory
4,2,4,1,2,4,2,0,4,0,Satisfactory
3,1,0,1,4,1,2,3,4,2,Not Satisfactory
2,2,2,4,3,5,5,0,1,4,Satisfactory
4,1,5,3,2,3,1,3,4,3,Satisfactory
1,2,1,3,2,4,1,5,5,0,Satisfactory
5,3,1,0,4,1,4,5,3,2,Satisfactory
3,5,4,2,1,3,2,3,4,2,Not Satisfactory
3,1,5,1,2,1,3,0,4,4,Not Satisfactory
1,5,2,3,2,0,3,3,2,4,Not Satisfactory
4,4,0,2,5,4,3,2,1,5,Not Satisfactory
1,2,4,3,4,1,0,1,1,5,Satisfactory
5,3,2,5,4,4,0,5,4,4,Not Satisfactory
3,5,1,2,2,2,4,3,4,1,Satisfactory
5,5,3,5,1,5,2,5,1,0,Satisfactory
3,4,3,5,1,5,1,1,1,3,Not Satisfactory
1,4,2,2,1,5,4,3,2,4,Not Satisfactory
5,3,1,4,4,0,1,2,5,5,Satisfactory
1,2,3,3,4,2,1,0,2,2,Not Satisfactory
1,1,4,3,4,1,2,4,1,1,Not Satisfactory
1,3,4,2,5,1,2,0,4,1,Satisfactory
5,0,4,1,5,1,1,4,4,0,Not Satisfactory
2,2,5,2,5,3,2,2,2,2,Satisfactory
0,3,4,0,1,0,3,4,2,4,Satisfactory
1,1,0,3,1,3,0,3,0,5,Satisfactory
3,4,2,3,5,4,1,2,2,1,Not Satisfactory
0,2,4,5,0,0,2,2,2,4,Not Satisfactory
2,2,4,4,2,1,2,5,2,2,Satisfactory
4,4,4,1,1,1,2,0,1,1,Not Satisfactory
3,2,1,2,4,1,3,4,1,2,Not Satisfactory
4,4,4,2,4,1,4,2,2,2,Satisfactory
1,0,3,2,3,2,5,2,5,2,Satisfactory
1,0,4,2,4,4,3,2,2,4,Not Satisfactory
0,3,3,2,3,4,4,1,3,5,Satisfactory
2,4,2,3,4,1,4,5,3,3,Satisfactory
2,4,3,4,1,0,2,5,5,3,Satisfactory
1,2,1,0,1,0,2,2,3,5,Satisfactory
2,4,3,2,0,0,1,2,2,1,Satisfactory
2,4,4,2,5,5,4,4,2,2,Not Satisfactory
2,1,3,1,0,3,1,2,2,2,Not Satisfactory
3,4,0,3,0,4,1,0,2,3,Satisfactory
5,2,3,2,5,4,4,0,1,0,Satisfactory
4,3,1,5,2,1,3,2,1,2,Not Satisfactory
4,4,1,4,2,1,4,2,2,2,Satisfactory
1,1,2,3,4,0,1,2,1,1,Not Satisfactory
2,3,4,1,4,5,3,2,2,3,Satisfactory
1,2,3,5,5,5,1,3,3,1,Satisfactory
1,2,1,5,2,3,1,1,4,0,Satisfactory
1,2,3,0,3,0,4,4,2,1,Not Satisfactory
4,2,5,3,2,2,5,4,2,0,Satisfactory
5,3,2,2,5,3,4,3,4,4,Not Satisfactory
4,0,3,0,3,1,0,2,1,1,Not Satisfactory
4,1,3,5,3,3,1,0,1,3,Not Satisfactory
0,1,5,3,4,3,3,3,0,4,Satisfactory
1,4,1,4,3,5,5,1,1,4,Not Satisfactory
2,3,4,0,3,4,1,4,1,3,Satisfactory
2,2,1,3,0,1,1,1,2,0,Satisfactory
2,1,1,3,0,3,4,2,4,3,Satisfactory
2,2,1,0,4,1,1,3,2,5,Satisfactory
4,1,4,0,3,4,4,1,2,3,Satisfactory
3,1,3,2,2,4,2,2,5,4,Satisfactory
4,1,3,4,1,1,5,2,2,5,Not Satisfactory
2,3,5,5,2,4,3,2,2,0,Not Satisfactory
5,4,1,2,4,4,4,0,1,5,Not Satisfactory
2,0,2,0,4,4,2,5,2,1,Satisfactory
3,2,2,1,0,5,4,4,5,2,Not Satisfactory
1,0,3,3,3,4,5,1,5,0,Satisfactory
5,1,1,2,1,4,3,1,1,0,Satisfactory
2,4,4,1,3,1,5,1,3,2,Satisfactory
1,1,3,0,2,1,5,5,3,1,Satisfactory
3,2,4,2,1,4,1,3,3,4,Satisfactory
0,2,4,2,1,3,0,1,5,4,Not Satisfactory
2,2,4,1,0,3,2,4,5,5,Satisfactory
1,1,4,3,3,5,4,1,2,2,Satisfactory
3,2,1,3,1,3,3,3,1,2,Not Satisfactory
4,0,3,1,3,0,3,2,1,0,Satisfactory
4,1,4,4,1,2,5,1,2,2,Not Satisfactory
4,1,5,5,3,4,3,0,1,4,Not Satisfactory
3,5,2,4,2,5,5,1,0,1,Not Satisfactory
3,4,5,3,1,3,5,4,1,1,Not Satisfactory
4,0,5,0,1,5,1,1,4,2,Satisfactory
1,2,2,1,3,1,1,2,3,4,Satisfactory
5,5,2,4,3,0,2,3,5,4,Satisfactory
4,0,3,2,1,5,4,5,1,2,Not Satisfactory
1,1,2,5,2,2,4,1,5,3,Satisfactory
2,0,3,1,1,0,3,1,3,2,Not Satisfactory
2,4,5,1,2,1,5,1,3,0,Satisfactory
3,5,0,3,2,3,5,1,3,3,Satisfactory
5,3,1,3,2,4,2,2,1,1,Not Satisfactory
4,2,4,4,5,4,0,1,1,3,Satisfactory
3,1,5,1,1,3,4,3,5,0,Not Satisfactory
3,1,0,5,4,2,0,3,1,3,Satisfactory
1,3,2,3,5,5,5,4,2,0,Satisfactory
2,1,5,1,4,1,0,2,3,1,Satisfactory
0,1,0,2,5,1,1,4,4,1,Satisfactory
2,5,5,2,4,4,5,4,0,2,Not Satisfactory
1,3,2,3,1,2,3,5,1,4,Satisfactory
1,2,1,3,1,2,4,1,2,2,Satisfactory
3,4,3,4,3,0,2,0,3,2,Not Satisfactory
2,0,2,1,2,2,1,4,2,3,Not Satisfactory
1,4,1,3,5,1,2,5,0,5,Satisfactory
5,4,3,4,1,2,5,5,4,4,Not Satisfactory
2,2,5,3,1,1,2,0,2,4,Satisfactory
3,0,4,1,2,3,1,4,5,3,Not Satisfactory
4,3,1,5,3,3,3,2,3,4,Satisfactory
4,4,4,3,1,2,2,2,4,5,Not Satisfactory
3,3,1,1,0,5,2,3,3,2,Satisfactory
2,5,3,4,4,5,3,2,2,2,Not Satisfactory
2,3,2,2,3,0,3,4,1,3,Satisfactory
3,4,3,3,4,4,5,5,1,2,Not Satisfactory
3,1,3,2,2,4,1,3,3,4,Satisfactory
5,3,0,0,4,2,1,3,4,4,Satisfactory
3,4,3,3,0,4,5,4,5,3,Satisfactory
3,3,0,0,3,4,3,3,1,3,Satisfactory
5,4,1,3,5,4,3,1,2,5,Satisfactory
5,2,1,2,2,4,2,1,3,2,Satisfactory
2,4,4,4,3,4,2,3,0,4,Satisfactory
0,1,0,0,3,2,4,5,1,4,Not Satisfactory
1,3,4,0,0,5,3,4,2,5,Satisfactory
4,3,4,3,4,0,2,0,5,3,Not Satisfactory
2,4,1,0,4,4,1,0,1,0,Satisfactory
0,5,4,1,3,3,2,3,3,2,Not Satisfactory
4,1,1,5,1,2,3,1,5,2,Not Satisfactory
2,4,1,2,1,1,0,1,1,1,Not Satisfactory
1,0,0,4,3,5,1,3,3,4,Not Satisfactory
3,3,1,1,5,1,2,0,4,2,Not Satisfactory
5,0,0,3,1,0,1,3,4,2,Satisfactory
3,4,5,2,4,3,3,0,3,2,Not Satisfactory
1,4,0,3,2,2,4,2,5,1,Satisfactory
0,2,3,1,2,1,2,5,3,2,Satisfactory
3,1,4,4,0,1,4,5,1,4,Satisfactory
4,4,2,3,0,4,0,4,4,1,Satisfactory
5,3,2,3,5,4,3,1,1,2,Not Satisfactory
1,1,1,2,3,3,5,0,3,3,Satisfactory
3,3,2,4,3,5,2,1,4,0,Not Satisfactory
4,1,0,5,5,5,1,0,4,2,Not Satisfactory
3,3,2,4,0,5,4,5,2,4,Not Satisfactory
0,5,4,2,5,0,4,0,5,1,Satisfactory
0,3,3,1,5,1,2,1,5,2,Not Satisfactory
0,3,1,1,1,4,1,5,3,3,Satisfactory
2,4,3,5,4,2,2,4,5,4,Not Satisfactory
4,1,1,5,3,1,5,2,4,1,Not Satisfactory
0,4,1,2,5,5,3,3,4,3,Satisfactory
3,0,1,4,2,4,1,1,3,0,Not Satisfactory
4,5,4,2,1,5,1,5,1,5,Satisfactory
3,1,1,5,3,4,0,1,2,2,Not Satisfactory
3,4,3,1,3,3,2,3,3,1,Satisfactory
4,5,0,5,4,5,1,2,1,4,Satisfactory
2,2,5,2,2,3,1,2,0,1,Satisfactory
1,2,5,3,1,5,4,3,1,0,Satisfactory
1,1,0,5,5,2,3,3,2,0,Satisfactory
3,1,5,2,2,4,2,3,3,5,Satisfactory
1,5,1,4,3,2,2,3,1,3,Not Satisfactory
5,5,1,3,3,1,3,2,4,3,Not Satisfactory
2,2,4,5,3,2,4,1,5,0,Not Satisfactory
4,3,2,4,2,2,1,0,3,4,Satisfactory
1,2,3,2,4,4,4,4,2,3,Satisfactory
3,4,3,3,1,3,4,4,4,3,Satisfactory
0,1,1,3,3,1,1,5,1,3,Not Satisfactory
0,3,0,1,4,4,1,4,1,2,Not Satisfactory
0,4,3,3,3,2,5,4,2,0,Satisfactory
0,4,3,1,2,0,3,0,2,2,Satisfactory
3,4,1,3,0,4,5,3,3,4,Satisfactory
0,2,5,0,4,5,0,3,3,2,Satisfactory
3,3,4,4,2,3,4,1,2,4,Satisfactory
4,2,4,4,3,4,1,2,1,1,Satisfactory
3,1,0,3,1,3,2,5,1,4,Not Satisfactory
2,3,1,3,2,0,3,4,2,4,Satisfactory
2,5,0,3,2,4,3,0,4,1,Satisfactory
4,1,2,2,1,1,3,4,4,0,Not Satisfactory
5,5,5,4,2,1,2,1,1,2,Satisfactory
5,2,5,4,3,1,2,3,2,3,Not Satisfactory
4,2,2,0,2,4,2,4,1,1,Not Satisfactory
5,5,2,5,3,3,5,3,3,5,Satisfactory
4,2,4,2,3,0,4,0,4,5,Not Satisfactory
2,5,2,0,3,2,3,3,1,4,Not Satisfactory
2,1,1,2,2,1,2,0,1,2,Not Satisfactory
3,5,2,4,0,3,2,1,1,0,Satisfactory
4,2,4,2,4,2,5,4,1,0,Satisfactory
2,1,3,3,1,3,5,4,5,2,Satisfactory
2,1,3,3,0,1,4,2,2,1,Satisfactory
2,1,0,3,5,3,1,0,5,1,Not Satisfactory
2,4,4,2,5,4,1,5,3,4,Satisfactory
1,4,2,3,3,5,2,3,1,1,Not Satisfactory
0,1,2,3,4,4,5,0,0,1,Satisfactory
1,1,0,4,1,3,4,4,3,2,Not Satisfactory
2,4,4,1,5,3,0,1,2,5,Not Satisfactory
3,5,2,3,4,3,1,1,0,4,Satisfactory
3,0,4,4,4,3,4,1,1,4,Satisfactory
4,0,3,4,4,3,5,0,3,4,Satisfactory
5,4,4,3,5,1,5,3,3,4,Satisfactory
0,4,1,5,0,3,5,2,3,4,Satisfactory
1,3,5,3,1,2,0,3,5,2,Not Satisfactory
3,0,1,5,2,4,4,4,1,3,Not Satisfactory
4,3,3,3,2,4,1,1,1,5,Not Satisfactory
0,1,1,1,2,2,2,1,4,3,Satisfactory
3,3,4,1,4,3,0,3,0,3,Satisfactory
5,3,0,3,2,5,1,4,2,2,Not Satisfactory
4,0,3,2,4,2,1,3,4,0,Satisfactory
0,4,2,4,3,0,0,4,1,3,Satisfactory
3,0,4,3,2,5,2,1,1,5,Satisfactory
2,2,3,2,1,5,4,1,1,5,Not Satisfactory
2,3,3,2,5,5,5,0,4,1,Satisfactory
3,1,4,0,3,5,4,1,2,5,Not Satisfactory
1,2,4,1,2,3,0,1,3,3,Satisfactory
5,3,4,1,4,4,4,2,5,5,Satisfactory
1,1,2,4,2,3,4,1,3,0,Satisfactory
2,3,2,3,1,2,5,1,2,2,Not Satisfactory
1,4,1,2,2,2,2,5,2,1,Not Satisfactory
0,3,4,1,5,3,1,3,2,3,Not Satisfactory
3,0,0,1,2,0,1,4,5,3,Not Satisfactory
1,3,2,2,0,2,2,2,4,4,Not Satisfactory
3,1,5,3,2,1,3,4,2,3,Not Satisfactory
5,0,4,4,5,2,2,3,3,0,Satisfactory
3,1,4,1,4,3,1,1,2,2,Satisfactory
4,2,1,4,4,4,3,1,5,2,Satisfactory
2,2,1,2,2,4,1,0,3,4,Satisfactory
3,1,4,3,2,4,1,1,4,1,Not Satisfactory
4,2,2,3,1,4,2,1,1,0,Not Satisfactory
4,2,2,3,4,3,5,2,3,2,Satisfactory
3,5,2,4,2,2,4,1,2,5,Not Satisfactory
3,1,1,3,3,0,4,1,2,5,Satisfactory
1,4,2,3,3,3,2,1,4,1,Not Satisfactory
2,4,0,1,5,2,1,2,5,3,Not Satisfactory
1,1,1,4,3,3,4,0,5,2,Not Satisfactory
3,2,3,3,2,4,0,4,5,1,Satisfactory
2,4,2,5,3,3,1,3,5,3,Satisfactory
2,4,0,1,4,1,5,4,3,2,Not Satisfactory
1,4,3,4,3,2,1,2,4,2,Satisfactory
1,1,0,2,2,2,5,2,2,0,Not Satisfactory
4,2,2,2,1,2,2,4,3,0,Not Satisfactory
1,4,5,3,1,1,2,4,3,5,Satisfactory
1,4,2,4,5,2,0,0,4,4,Satisfactory
2,4,1,5,1,2,4,1,4,3,Satisfactory
1,4,1,4,3,4,4,3,4,3,Satisfactory
2,3,1,1,1,3,4,3,1,2,Satisfactory
1,5,3,5,3,1,4,5,1,2,Satisfactory
1,1,5,4,1,3,3,1,3,3,Satisfactory
0,2,2,4,1,4,0,2,2,2,Satisfactory
0,3,1,3,5,2,2,1,5,5,Not Satisfactory
2,4,3,4,5,2,2,3,2,4,Satisfactory
1,3,2,1,1,2,3,2,4,2,Satisfactory
5,2,0,0,3,3,3,2,3,0,Satisfactory
2,1,4,3,2,4,5,5,4,2,Satisfactory
3,0,2,3,5,1,2,0,5,3,Satisfactory
5,1,5,3,3,5,2,5,5,4,Not Satisfactory
4,3,1,0,2,4,3,4,0,1,Satisfactory
5,5,1,4,4,1,0,3,4,2,Satisfactory
4,4,4,2,1,5,0,5,3,2,Satisfactory
4,1,1,4,1,2,2,4,4,5,Satisfactory
5,5,2,1,3,4,0,4,4,3,Not Satisfactory
1,4,2,0,4,2,2,0,3,1,Satisfactory
2,5,3,3,4,2,4,2,4,2,Satisfactory
5,5,3,1,3,4,2,1,2,0,Not Satisfactory
1,4,1,5,3,2,2,3,2,1,Satisfactory
3,3,5,5,1,1,5,4,2,2,Satisfactory
2,4,4,3,2,2,2,5,2,4,Satisfactory
2,4,5,3,1,4,0,3,3,5,Satisfactory
1,4,2,2,4,3,1,2,5,1,Satisfactory
2,5,4,0,0,5,0,5,5,0,Satisfactory
1,1,2,2,1,4,4,0,2,2,Satisfactory
0,2,2,3,2,1,5,4,0,0,Satisfactory
4,3,4,5,2,5,2,3,5,1,Satisfactory
2,1,2,3,3,5,1,3,5,1,Not Satisfactory
1,4,5,2,2,4,2,1,5,2,Satisfactory
2,0,2,1,1,3,2,3,5,5,Satisfactory
2,4,0,3,0,1,4,4,3,1,Not Satisfactory
3,5,5,2,0,3,3,4,4,1,Not Satisfactory
2,5,0,3,5,1,4,3,3,4,Not Satisfactory
4,4,1,4,5,3,0,0,4,1,Not Satisfactory
1,1,3,2,2,1,3,2,1,1,Satisfactory
2,4,2,1,1,3,3,1,3,4,Satisfactory
0,5,4,1,1,5,5,2,2,4,Not Satisfactory
4,2,1,3,4,4,3,1,3,2,Not Satisfactory
3,0,1,4,0,3,1,4,3,3,Satisfactory
5,2,1,3,2,4,3,1,0,3,Satisfactory
4,3,0,1,1,0,5,1,4,5,Satisfactory
3,2,2,5,5,2,2,5,1,2,Satisfactory
5,3,3,1,1,3,2,5,3,4,Not Satisfactory
1,2,1,1,2,1,1,4,1,2,Not Satisfactory
0,1,2,4,5,4,4,4,2,3,Satisfactory
2,5,1,0,2,5,1,3,3,2,Not Satisfactory
4,2,4,4,0,0,5,1,1,3,Satisfactory
4,1,2,2,4,3,4,3,3,3,Satisfactory
3,4,1,4,0,4,3,1,5,4,Not Satisfactory
1,3,0,3,4,5,2,1,4,4,Satisfactory
2,2,4,2,3,2,2,0,3,1,Not Satisfactory
4,1,5,1,3,5,1,2,1,5,Satisfactory
2,2,2,3,0,3,3,3,4,3,Satisfactory
4,2,5,4,2,3,4,3,5,3,Not Satisfactory
2,4,4,0,4,2,3,3,4,4,Not Satisfactory
5,0,4,0,5,3,5,4,2,5,Satisfactory
0,5,1,4,4,1,1,4,3,1,Not Satisfactory
5,1,4,2,4,0,5,3,5,5,Not Satisfactory
4,2,3,2,5,1,0,2,1,1,Satisfactory
2,5,2,4,4,5,5,3,4,2,Satisfactory
0,4,2,3,0,2,0,0,0,1,Satisfactory
4,4,0,4,1,5,4,1,2,4,Satisfactory
1,5,1,2,4,1,3,4,1,0,Not Satisfactory
3,2,3,0,2,1,2,5,4,1,Satisfactory
2,5,3,0,2,2,2,1,4,4,Not Satisfactory
2,2,3,1,5,2,4,2,5,1,Satisfactory
0,3,2,5,3,2,1,5,4,2,Satisfactory
4,2,3,3,2,3,4,0,4,3,Satisfactory
3,5,5,1,1,3,1,4,3,2,Satisfactory
3,4,2,4,3,2,0,5,0,1,Satisfactory
5,4,4,2,1,2,1,3,5,1,Not Satisfactory
2,3,2,3,4,1,4,1,5,3,Satisfactory
3,5,2,2,1,1,5,3,0,1,Satisfactory
1,3,1,2,1,1,4,2,1,2,Satisfactory
1,4,2,2,4,2,2,3,1,3,Satisfactory
2,3,0,2,1,1,1,0,3,3,Satisfactory
3,4,5,3,3,2,1,3,1,0,Not Satisfactory
3,0,4,2,2,1,2,0,3,2,Satisfactory
3,2,4,4,5,3,3,2,3,1,Satisfactory
3,0,2,3,2,0,1,1,4,0,Satisfactory
3,1,3,1,2,4,1,2,3,3,Not Satisfactory
5,0,3,1,4,4,3,4,3,2,Satisfactory
2,0,2,3,1,4,3,0,2,5,Not Satisfactory
1,2,4,5,5,2,1,2,1,3,Not Satisfactory
1,2,0,3,3,4,1,3,0,5,Satisfactory
0,0,2,0,0,0,3,5,4,2,Not Satisfactory
2,3,3,4,2,3,3,4,2,4,Satisfactory
1,3,1,1,4,1,2,3,1,4,Satisfactory
2,3,0,1,4,4,5,1,3,2,Satisfactory
3,0,4,4,2,4,4,1,3,0,Satisfactory
5,3,2,1,2,3,4,2,4,5,Satisfactory
1,5,0,2,1,5,1,0,2,2,Satisfactory
2,3,2,3,1,1,5,2,3,2,Satisfactory
2,4,3,3,2,5,1,3,3,3,Not Satisfactory
1,4,0,3,3,4,0,2,2,1,Satisfactory
4,3,1,1,0,5,5,2,4,0,Not Satisfactory
1,1,3,4,5,0,2,3,2,2,Not Satisfactory
2,1,1,3,0,1,3,1,1,2,Satisfactory
3,5,1,0,5,0,5,4,2,4,Satisfactory
4,2,3,2,5,4,4,3,1,3,Satisfactory
3,4,3,2,1,1,1,4,4,4,Satisfactory
1,1,4,4,5,5,2,5,2,0,Satisfactory
1,3,1,3,3,3,2,3,4,4,Not Satisfactory
3,1,5,2,3,2,3,0,4,4,Satisfactory
4,2,2,4,4,5,3,5,1,3,Not Satisfactory
0,2,0,4,2,3,3,3,2,2,Satisfactory
5,3,1,1,4,4,2,0,2,4,Not Satisfactory
1,1,2,3,4,5,1,4,3,4,Not Satisfactory
3,2,5,3,3,0,3,2,3,2,Satisfactory
1,2,3,3,3,2,3,2,3,3,Not Satisfactory
4,2,4,2,0,2,4,2,4,0,Satisfactory
4,2,2,4,1,1,0,3,2,3,Not Satisfactory
0,3,5,0,4,1,3,5,4,3,Satisfactory
1,3,4,5,2,4,5,2,3,2,Satisfactory
4,3,3,4,3,1,4,4,4,1,Not Satisfactory
1,5,3,2,0,2,0,4,4,2,Satisfactory
2,2,2,1,4,2,5,3,2,1,Satisfactory
1,4,2,1,2,5,4,4,4,1,Satisfactory
3,2,4,2,2,2,2,4,1,3,Satisfactory
1,3,4,0,2,4,2,1,2,2,Satisfactory
2,4,0,5,2,4,0,1,4,1,Satisfactory
4,3,5,2,2,1,4,1,1,2,Satisfactory
2,0,0,1,1,5,0,0,2,3,Not Satisfactory
0,5,5,5,1,0,4,1,1,2,Satisfactory
1,4,5,3,4,4,4,4,1,1,Satisfactory
4,1,4,3,5,4,1,5,3,4,Not Satisfactory
4,2,5,4,2,1,0,4,2,1,Satisfactory
3,4,5,5,3,1,4,1,0,4,Satisfactory
1,0,0,4,2,1,4,2,0,2,Not Satisfactory
4,2,2,5,4,3,4,3,3,2,Satisfactory
5,2,2,2,2,4,1,4,4,4,Satisfactory
3,1,0,2,4,4,4,3,4,1,Satisfactory
2,3,4,4,2,1,2,5,5,4,Satisfactory
2,2,2,3,3,4,4,2,1,2,Satisfactory
1,2,3,3,1,0,4,0,5,4,Satisfactory
2,3,1,3,0,1,1,0,2,3,Satisfactory
1,2,3,1,1,4,2,4,3,4,Not Satisfactory
3,3,1,5,3,2,2,4,3,4,Satisfactory
4,2,4,2,2,4,5,2,3,0,Satisfactory
0,3,3,4,5,5,2,3,2,0,Not Satisfactory
1,3,3,3,0,1,3,3,1,5,Satisfactory
4,5,2,2,4,4,3,3,1,4,Satisfactory
4,2,3,3,4,2,0,4,5,4,Not Satisfactory
4,2,1,4,4,2,3,5,4,1,Not Satisfactory
4,3,3,1,4,2,1,1,1,5,Not Satisfactory
1,3,5,4,5,5,5,3,3,4,Satisfactory
2,1,3,3,5,0,0,4,1,4,Satisfactory
1,4,1,0,3,3,3,1,2,1,Satisfactory
5,2,4,3,5,4,5,2,3,1,Satisfactory
3,5,4,5,4,1,4,5,3,4,Not Satisfactory
3,1,2,0,4,4,3,5,3,4,Not Satisfactory
2,4,3,2,4,5,5,3,1,2,Not Satisfactory
5,2,2,5,2,1,3,5,4,3,Not Satisfactory
2,2,4,0,1,2,4,3,2,4,Not Satisfactory
0,1,4,1,4,3,4,4,3,2,Not Satisfactory
2,2,3,1,3,2,1,3,2,2,Satisfactory
2,0,3,0,2,3,4,2,2,1,Satisfactory
4,1,3,0,2,2,4,3,5,3,Satisfactory
5,4,1,1,1,3,1,2,2,3,Satisfactory
1,1,2,2,3,2,4,4,4,4,Not Satisfactory
1,3,2,1,1,1,1,2,3,1,Satisfactory
5,3,0,4,5,4,1,0,3,2,Satisfactory
1,1,4,5,4,2,2,2,5,2,Satisfactory
2,1,5,5,0,2,1,1,1,3,Satisfactory
4,4,2,2,0,3,2,5,3,2,Satisfactory
1,2,2,4,4,3,4,1,4,4,Not Satisfactory
3,4,2,2,2,0,2,2,1,2,Satisfactory
3,1,4,4,1,4,3,3,5,5,Not Satisfactory
1,2,5,4,0,4,4,0,1,1,Satisfactory
5,3,5,3,1,3,2,5,3,1,Satisfactory
4,5,1,0,5,0,3,2,3,2,Satisfactory
1,4,2,3,1,1,1,5,0,5,Satisfactory
4,4,3,1,2,2,3,3,4,4,Not Satisfactory
2,2,1,5,1,4,1,3,2,1,Not Satisfactory
1,4,4,4,5,0,1,4,5,3,Satisfactory
4,5,1,4,1,2,2,5,5,3,Not Satisfactory
3,0,5,1,2,0,3,5,3,5,Not Satisfactory
3,4,2,0,4,1,3,2,3,4,Not Satisfactory
1,3,4,5,4,2,4,4,4,1,Satisfactory
2,2,1,5,3,1,3,0,4,3,Not Satisfactory
2,4,2,1,2,4,1,1,2,4,Not Satisfactory
4,5,2,2,4,5,1,3,0,4,Satisfactory
1,3,1,1,2,1,4,3,2,1,Satisfactory
0,5,1,4,4,5,4,3,0,2,Not Satisfactory
1,4,2,2,0,1,2,3,1,2,Not Satisfactory
3,2,2,1,4,3,0,3,2,2,Satisfactory
4,2,5,4,4,3,5,3,3,0,Satisfactory
3,3,4,5,4,1,3,5,1,1,Satisfactory
1,3,0,2,3,3,5,1,1,5,Satisfactory
3,4,4,4,2,0,3,3,4,1,Satisfactory
5,0,4,3,2,3,5,5,1,1,Satisfactory
2,2,0,1,3,3,1,5,5,4,Not Satisfactory
2,3,1,1,2,2,5,4,2,1,Not Satisfactory
5,4,5,1,0,3,5,1,3,2,Satisfactory
5,4,5,2,3,2,4,0,2,2,Satisfactory
5,4,3,3,5,2,1,0,4,4,Satisfactory
2,3,0,0,1,3,1,3,5,4,Not Satisfactory
0,4,5,3,0,3,3,4,3,5,Satisfactory
0,2,5,1,3,4,2,3,1,1,Satisfactory
4,1,4,2,1,1,3,3,4,4,Not Satisfactory
3,4,1,0,5,1,3,3,3,4,Satisfactory
0,2,2,5,0,5,3,2,3,2,Not Satisfactory
1,4,3,1,3,0,2,3,2,3,Not Satisfactory
0,1,2,4,4,4,0,5,2,2,Satisfactory
1,4,5,3,1,0,5,3,5,4,Satisfactory
3,3,4,2,5,0,2,3,5,5,Satisfactory
1,4,0,5,3,4,4,3,2,2,Satisfactory
1,3,1,4,1,4,0,1,4,3,Not Satisfactory
5,3,4,1,3,3,4,4,3,4,Satisfactory
1,4,1,5,0,3,2,2,1,1,Not Satisfactory
2,0,3,2,5,1,0,5,2,1,Satisfactory
3,0,4,1,2,5,3,2,5,3,Satisfactory
1,2,4,1,4,1,3,4,1,3,Satisfactory
3,0,2,0,0,1,1,3,0,1,Satisfactory
5,1,2,4,2,1,2,1,3,0,Not Satisfactory
2,1,5,1,0,4,1,4,4,4,Satisfactory
0,4,2,4,4,3,0,0,5,1,Satisfactory
